"year","sex","val","max","min","region_name"
1990,"Female",0.00305359249567761,0.00381699061959701,0.00229019437175821,"Mpumalanga"
1990,"Male",0.00484239545278193,0.00605299431597741,0.00363179658958645,"Mpumalanga"
1991,"Female",0.003039976611228,0.00379997076403499,0.002279982458421,"Mpumalanga"
1991,"Male",0.00509047486890535,0.00636309358613169,0.00381785615167901,"Mpumalanga"
1992,"Female",0.00355638243328296,0.0044454780416037,0.00266728682496222,"Mpumalanga"
1992,"Male",0.00551745962390771,0.00689682452988463,0.00413809471793078,"Mpumalanga"
1993,"Female",0.00260057758408446,0.00325072198010558,0.00195043318806335,"Mpumalanga"
1993,"Male",0.00471634820391536,0.0058954352548942,0.00353726115293652,"Mpumalanga"
1994,"Female",0.00299584321889789,0.00374480402362236,0.00224688241417342,"Mpumalanga"
1994,"Male",0.0049171201347519,0.00614640016843988,0.00368784010106393,"Mpumalanga"
1995,"Female",0.00180351081799198,0.00225438852248998,0.00135263311349399,"Mpumalanga"
1995,"Male",0.00495556430042191,0.00619445537552739,0.00371667322531643,"Mpumalanga"
1996,"Female",0.00179847176683945,0.00224808970854931,0.00134885382512958,"Mpumalanga"
1996,"Male",0.00518342251166042,0.00647927813957553,0.00388756688374532,"Mpumalanga"
1997,"Female",0.00220322167397429,0.00275402709246786,0.00165241625548072,"Mpumalanga"
1997,"Male",0.00529780436922692,0.00662225546153365,0.00397335327692019,"Mpumalanga"
1998,"Female",0.00221775578750786,0.00277219473438482,0.00166331684063089,"Mpumalanga"
1998,"Male",0.00597738707282154,0.00747173384102692,0.00448304030461615,"Mpumalanga"
1999,"Female",0.00248459029081148,0.00310573786351435,0.00186344271810861,"Mpumalanga"
1999,"Male",0.00620065736796882,0.00775082170996103,0.00465049302597662,"Mpumalanga"
2000,"Female",0.00305701674353446,0.00382127092941807,0.00229276255765084,"Mpumalanga"
2000,"Male",0.00674822808756176,0.0084352851094522,0.00506117106567132,"Mpumalanga"
2001,"Female",0.00283594072002747,0.00354492590003434,0.0021269555400206,"Mpumalanga"
2001,"Male",0.00630100087668587,0.00787625109585733,0.0047257506575144,"Mpumalanga"
2002,"Female",0.00307549102569368,0.0038443637821171,0.00230661826927026,"Mpumalanga"
2002,"Male",0.00645700684110864,0.0080712585513858,0.00484275513083148,"Mpumalanga"
2003,"Female",0.00356532141530155,0.00445665176912694,0.00267399106147616,"Mpumalanga"
2003,"Male",0.00707821487180728,0.0088477685897591,0.00530866115385546,"Mpumalanga"
2004,"Female",0.00377624433911402,0.00472030542389252,0.00283218325433551,"Mpumalanga"
2004,"Male",0.00675281440096154,0.00844101800120192,0.00506461080072115,"Mpumalanga"
2005,"Female",0.00401508411874466,0.00501885514843082,0.00301131308905849,"Mpumalanga"
2005,"Male",0.0068834418363592,0.008604302295449,0.0051625813772694,"Mpumalanga"
2006,"Female",0.00456237995829602,0.00570297494787003,0.00342178496872202,"Mpumalanga"
2006,"Male",0.00734176814697431,0.00917721018371788,0.00550632611023073,"Mpumalanga"
2007,"Female",0.00420926526672827,0.00526158158341033,0.0031569489500462,"Mpumalanga"
2007,"Male",0.00715010361220806,0.00893762951526008,0.00536257770915605,"Mpumalanga"
2008,"Female",0.00409274605333474,0.00511593256666842,0.00306955954000105,"Mpumalanga"
2008,"Male",0.0069624094289628,0.0087030117862035,0.0052218070717221,"Mpumalanga"
2009,"Female",0.00363876170228971,0.00454845212786213,0.00272907127671728,"Mpumalanga"
2009,"Male",0.00656910932990412,0.00821138666238014,0.00492683199742809,"Mpumalanga"
2010,"Female",0.00293890123643703,0.00367362654554628,0.00220417592732777,"Mpumalanga"
2010,"Male",0.00565521156376573,0.00706901445470716,0.00424140867282429,"Mpumalanga"
2011,"Female",0.00239233658866381,0.00299042073582976,0.00179425244149785,"Mpumalanga"
2011,"Male",0.00469635270994689,0.00587044088743361,0.00352226453246017,"Mpumalanga"
2012,"Female",0.00222842514303705,0.00278553142879631,0.00167131885727779,"Mpumalanga"
2012,"Male",0.00426844791732319,0.00533555989665399,0.00320133593799239,"Mpumalanga"
2013,"Female",0.00203796609653489,0.00254745762066862,0.00152847457240117,"Mpumalanga"
2013,"Male",0.0040009272214504,0.005001159026813,0.0030006954160878,"Mpumalanga"
2014,"Female",0.0019245214537359,0.00240565181716988,0.00144339109030193,"Mpumalanga"
2014,"Male",0.00376904787619655,0.00471130984524569,0.00282678590714741,"Mpumalanga"
2015,"Female",0.001841658761382,0.0023020734517275,0.0013812440710365,"Mpumalanga"
2015,"Male",0.00357179495067003,0.00446474368833754,0.00267884621300252,"Mpumalanga"
2016,"Female",0.00178644577106769,0.00223305721383461,0.00133983432830077,"Mpumalanga"
2016,"Male",0.0033878375907678,0.00423479698845975,0.00254087819307585,"Mpumalanga"
2017,"Female",0.00174604749679765,0.00218255937099707,0.00130953562259824,"Mpumalanga"
2017,"Male",0.00345743321193884,0.00432179151492355,0.00259307490895413,"Mpumalanga"
2018,"Female",0.00174604749679765,0.00218255937099707,0.00130953562259824,"Mpumalanga"
2019,"Female",0.00174604749679765,0.00218255937099707,0.00130953562259824,"Mpumalanga"
2020,"Female",0.00174604749679765,0.00218255937099707,0.00130953562259824,"Mpumalanga"
2021,"Female",0.00174604749679765,0.00218255937099707,0.00130953562259824,"Mpumalanga"
2022,"Female",0.00174604749679765,0.00218255937099707,0.00130953562259824,"Mpumalanga"
2023,"Female",0.00174604749679765,0.00218255937099707,0.00130953562259824,"Mpumalanga"
2024,"Female",0.00174604749679765,0.00218255937099707,0.00130953562259824,"Mpumalanga"
2025,"Female",0.00174604749679765,0.00218255937099707,0.00130953562259824,"Mpumalanga"
2026,"Female",0.00174604749679765,0.00218255937099707,0.00130953562259824,"Mpumalanga"
2027,"Female",0.00174604749679765,0.00218255937099707,0.00130953562259824,"Mpumalanga"
2028,"Female",0.00174604749679765,0.00218255937099707,0.00130953562259824,"Mpumalanga"
2018,"Male",0.00345743321193884,0.00432179151492355,0.00259307490895413,"Mpumalanga"
2019,"Male",0.00345743321193884,0.00432179151492355,0.00259307490895413,"Mpumalanga"
2020,"Male",0.00345743321193884,0.00432179151492355,0.00259307490895413,"Mpumalanga"
2021,"Male",0.00345743321193884,0.00432179151492355,0.00259307490895413,"Mpumalanga"
2022,"Male",0.00345743321193884,0.00432179151492355,0.00259307490895413,"Mpumalanga"
2023,"Male",0.00345743321193884,0.00432179151492355,0.00259307490895413,"Mpumalanga"
2024,"Male",0.00345743321193884,0.00432179151492355,0.00259307490895413,"Mpumalanga"
2025,"Male",0.00345743321193884,0.00432179151492355,0.00259307490895413,"Mpumalanga"
2026,"Male",0.00345743321193884,0.00432179151492355,0.00259307490895413,"Mpumalanga"
2027,"Male",0.00345743321193884,0.00432179151492355,0.00259307490895413,"Mpumalanga"
2028,"Male",0.00345743321193884,0.00432179151492355,0.00259307490895413,"Mpumalanga"
1990,"Female",0.00359656424697733,0.00449570530872166,0.002697423185233,"Western Cape"
1990,"Male",0.00683922452330869,0.00854903065413587,0.00512941839248152,"Western Cape"
1991,"Female",0.00392475259786425,0.00490594074733031,0.00294356444839819,"Western Cape"
1991,"Male",0.00673566515493721,0.00841958144367152,0.00505174886620291,"Western Cape"
1992,"Female",0.00385684166050252,0.00482105207562815,0.00289263124537689,"Western Cape"
1992,"Male",0.00684287211967815,0.00855359014959769,0.00513215408975861,"Western Cape"
1993,"Female",0.00381211906526091,0.00476514883157614,0.00285908929894568,"Western Cape"
1993,"Male",0.00584493301486457,0.00730616626858071,0.00438369976114843,"Western Cape"
1994,"Female",0.00371618226587111,0.00464522783233888,0.00278713669940333,"Western Cape"
1994,"Male",0.00639803656511638,0.00799754570639548,0.00479852742383729,"Western Cape"
1995,"Female",0.00293965785655194,0.00367457232068993,0.00220474339241396,"Western Cape"
1995,"Male",0.00688269304467807,0.00860336630584758,0.00516201978350855,"Western Cape"
1996,"Female",0.00263903782344556,0.00329879727930695,0.00197927836758417,"Western Cape"
1996,"Male",0.0067108100880276,0.0083885126100345,0.0050331075660207,"Western Cape"
1997,"Female",0.00348619350667076,0.00435774188333845,0.00261464513000307,"Western Cape"
1997,"Male",0.00756295716834859,0.00945369646043574,0.00567221787626144,"Western Cape"
1998,"Female",0.00324530768405594,0.00405663460506992,0.00243398076304195,"Western Cape"
1998,"Male",0.00686141060372917,0.00857676325466147,0.00514605795279688,"Western Cape"
1999,"Female",0.00314556000271505,0.00393195000339382,0.00235917000203629,"Western Cape"
1999,"Male",0.00653947087824994,0.00817433859781243,0.00490460315868746,"Western Cape"
2000,"Female",0.0032262182894499,0.00403277286181237,0.00241966371708742,"Western Cape"
2000,"Male",0.00649730915486295,0.00812163644357868,0.00487298186614721,"Western Cape"
2001,"Female",0.00303336594230255,0.00379170742787818,0.00227502445672691,"Western Cape"
2001,"Male",0.00637171770432379,0.00796464713040474,0.00477878827824284,"Western Cape"
2002,"Female",0.00306333614967468,0.00382917018709336,0.00229750211225601,"Western Cape"
2002,"Male",0.00630591646756199,0.00788239558445249,0.00472943735067149,"Western Cape"
2003,"Female",0.00295877006459456,0.0036984625807432,0.00221907754844592,"Western Cape"
2003,"Male",0.00606804631854399,0.00758505789817999,0.00455103473890799,"Western Cape"
2004,"Female",0.00263623968307445,0.00329529960384306,0.00197717976230584,"Western Cape"
2004,"Male",0.00561702492757489,0.00702128115946861,0.00421276869568116,"Western Cape"
2005,"Female",0.00232847042764719,0.00291058803455899,0.0017463528207354,"Western Cape"
2005,"Male",0.00538777916218746,0.00673472395273433,0.0040408343716406,"Western Cape"
2006,"Female",0.0022240690318418,0.00278008628980226,0.00166805177388135,"Western Cape"
2006,"Male",0.00508382588932918,0.00635478236166147,0.00381286941699688,"Western Cape"
2007,"Female",0.00214205008067717,0.00267756260084646,0.00160653756050787,"Western Cape"
2007,"Male",0.00483213611976833,0.00604017014971042,0.00362410208982625,"Western Cape"
2008,"Female",0.00220493228853657,0.00275616536067071,0.00165369921640242,"Western Cape"
2008,"Male",0.00471054916298374,0.00588818645372967,0.00353291187223781,"Western Cape"
2009,"Female",0.00220118735896595,0.00275148419870744,0.00165089051922446,"Western Cape"
2009,"Male",0.0044927847730854,0.00561598096635675,0.00336958857981405,"Western Cape"
2010,"Female",0.00222791715325346,0.00278489644156683,0.0016709378649401,"Western Cape"
2010,"Male",0.00455273050684576,0.0056909131335572,0.00341454788013432,"Western Cape"
2011,"Female",0.0022864040521034,0.00285800506512925,0.00171480303907755,"Western Cape"
2011,"Male",0.00465344389267537,0.00581680486584421,0.00349008291950652,"Western Cape"
2012,"Female",0.00220891788216846,0.00276114735271058,0.00165668841162635,"Western Cape"
2012,"Male",0.00465010122106862,0.00581262652633578,0.00348757591580147,"Western Cape"
2013,"Female",0.00208717704083806,0.00260897130104758,0.00156538278062855,"Western Cape"
2013,"Male",0.0045896517957078,0.00573706474463475,0.00344223884678085,"Western Cape"
2014,"Female",0.00207156631767119,0.00258945789708898,0.00155367473825339,"Western Cape"
2014,"Male",0.00453888797641402,0.00567360997051753,0.00340416598231052,"Western Cape"
2015,"Female",0.00202612596928361,0.00253265746160451,0.0015195944769627,"Western Cape"
2015,"Male",0.0046121725946181,0.00576521574327263,0.00345912944596358,"Western Cape"
2016,"Female",0.00182285804068487,0.00227857255085608,0.00136714353051365,"Western Cape"
2016,"Male",0.00405591878711858,0.00506989848389822,0.00304193909033893,"Western Cape"
2017,"Female",0.00178899838191121,0.00223624797738902,0.00134174878643341,"Western Cape"
2017,"Male",0.00390290775113803,0.00487863468892254,0.00292718081335352,"Western Cape"
2018,"Female",0.00178899838191121,0.00223624797738902,0.00134174878643341,"Western Cape"
2019,"Female",0.00178899838191121,0.00223624797738902,0.00134174878643341,"Western Cape"
2020,"Female",0.00178899838191121,0.00223624797738902,0.00134174878643341,"Western Cape"
2021,"Female",0.00178899838191121,0.00223624797738902,0.00134174878643341,"Western Cape"
2022,"Female",0.00178899838191121,0.00223624797738902,0.00134174878643341,"Western Cape"
2023,"Female",0.00178899838191121,0.00223624797738902,0.00134174878643341,"Western Cape"
2024,"Female",0.00178899838191121,0.00223624797738902,0.00134174878643341,"Western Cape"
2025,"Female",0.00178899838191121,0.00223624797738902,0.00134174878643341,"Western Cape"
2026,"Female",0.00178899838191121,0.00223624797738902,0.00134174878643341,"Western Cape"
2027,"Female",0.00178899838191121,0.00223624797738902,0.00134174878643341,"Western Cape"
2028,"Female",0.00178899838191121,0.00223624797738902,0.00134174878643341,"Western Cape"
2018,"Male",0.00390290775113803,0.00487863468892254,0.00292718081335352,"Western Cape"
2019,"Male",0.00390290775113803,0.00487863468892254,0.00292718081335352,"Western Cape"
2020,"Male",0.00390290775113803,0.00487863468892254,0.00292718081335352,"Western Cape"
2021,"Male",0.00390290775113803,0.00487863468892254,0.00292718081335352,"Western Cape"
2022,"Male",0.00390290775113803,0.00487863468892254,0.00292718081335352,"Western Cape"
2023,"Male",0.00390290775113803,0.00487863468892254,0.00292718081335352,"Western Cape"
2024,"Male",0.00390290775113803,0.00487863468892254,0.00292718081335352,"Western Cape"
2025,"Male",0.00390290775113803,0.00487863468892254,0.00292718081335352,"Western Cape"
2026,"Male",0.00390290775113803,0.00487863468892254,0.00292718081335352,"Western Cape"
2027,"Male",0.00390290775113803,0.00487863468892254,0.00292718081335352,"Western Cape"
2028,"Male",0.00390290775113803,0.00487863468892254,0.00292718081335352,"Western Cape"
1990,"Female",0.00281022293193965,0.00351277866492456,0.00210766719895474,"North-West"
1990,"Male",0.00405197143815229,0.00506496429769037,0.00303897857861422,"North-West"
1991,"Female",0.00260314095463836,0.00325392619329795,0.00195235571597877,"North-West"
1991,"Male",0.00462514256788078,0.00578142820985097,0.00346885692591058,"North-West"
1992,"Female",0.00326741199250077,0.00408426499062596,0.00245055899437558,"North-West"
1992,"Male",0.00506731478627113,0.00633414348283892,0.00380048608970335,"North-West"
1993,"Female",0.00271716097937684,0.00339645122422105,0.00203787073453263,"North-West"
1993,"Male",0.00494155314358838,0.00617694142948548,0.00370616485769129,"North-West"
1994,"Female",0.00314439908663495,0.00393049885829368,0.00235829931497621,"North-West"
1994,"Male",0.00537577609606196,0.00671972012007745,0.00403183207204647,"North-West"
1995,"Female",0.00294799281422331,0.00368499101777914,0.00221099461066748,"North-West"
1995,"Male",0.00436143921746999,0.00545179902183749,0.00327107941310249,"North-West"
1996,"Female",0.00292518004073586,0.00365647505091983,0.0021938850305519,"North-West"
1996,"Male",0.00478331574350047,0.00597914467937559,0.00358748680762536,"North-West"
1997,"Female",0.0031178468771256,0.003897308596407,0.0023383851578442,"North-West"
1997,"Male",0.00497188510829571,0.00621485638536964,0.00372891383122178,"North-West"
1998,"Female",0.00289763101318648,0.00362203876648311,0.00217322325988986,"North-West"
1998,"Male",0.0059561529291115,0.00744519116138938,0.00446711469683363,"North-West"
1999,"Female",0.00328398989337649,0.00410498736672061,0.00246299242003237,"North-West"
1999,"Male",0.00602065002781222,0.00752581253476528,0.00451548752085917,"North-West"
2000,"Female",0.00418194389905704,0.00522742987382129,0.00313645792429278,"North-West"
2000,"Male",0.00686747261082873,0.00858434076353591,0.00515060445812155,"North-West"
2001,"Female",0.00370702661529566,0.00463378326911958,0.00278026996147175,"North-West"
2001,"Male",0.00649928071393783,0.00812410089242229,0.00487446053545338,"North-West"
2002,"Female",0.00378232470154108,0.00472790587692635,0.00283674352615581,"North-West"
2002,"Male",0.00649492350800833,0.00811865438501042,0.00487119263100625,"North-West"
2003,"Female",0.00389952372841649,0.00487440466052061,0.00292464279631237,"North-West"
2003,"Male",0.00643108728817847,0.00803885911022309,0.00482331546613385,"North-West"
2004,"Female",0.00384212335771551,0.00480265419714439,0.00288159251828664,"North-West"
2004,"Male",0.00619047895069925,0.00773809868837406,0.00464285921302444,"North-West"
2005,"Female",0.00358526181741067,0.00448157727176333,0.002688946363058,"North-West"
2005,"Male",0.0059290957219479,0.00741136965243488,0.00444682179146093,"North-West"
2006,"Female",0.0032580259974334,0.00407253249679174,0.00244351949807505,"North-West"
2006,"Male",0.00556852878513613,0.00696066098142016,0.0041763965888521,"North-West"
2007,"Female",0.00313857546467439,0.00392321933084298,0.00235393159850579,"North-West"
2007,"Male",0.00575127522493467,0.00718909403116834,0.004313456418701,"North-West"
2008,"Female",0.00301839006291448,0.0037729875786431,0.00226379254718586,"North-West"
2008,"Male",0.0058053715539945,0.00725671444249313,0.00435402866549588,"North-West"
2009,"Female",0.00290156766681364,0.00362695958351705,0.00217617575011023,"North-West"
2009,"Male",0.00571600868424458,0.00714501085530573,0.00428700651318344,"North-West"
2010,"Female",0.00287937012270802,0.00359921265338502,0.00215952759203101,"North-West"
2010,"Male",0.00556132621555531,0.00695165776944414,0.00417099466166648,"North-West"
2011,"Female",0.00274925845830391,0.00343657307287989,0.00206194384372794,"North-West"
2011,"Male",0.00528389968249294,0.00660487460311617,0.0039629247618697,"North-West"
2012,"Female",0.00291183069010021,0.00363978836262526,0.00218387301757516,"North-West"
2012,"Male",0.00558471003951442,0.00698088754939302,0.00418853252963582,"North-West"
2013,"Female",0.00301051125939229,0.00376313907424036,0.00225788344454422,"North-West"
2013,"Male",0.00564138415356087,0.00705173019195108,0.00423103811517065,"North-West"
2014,"Female",0.00308991817492996,0.00386239771866245,0.00231743863119747,"North-West"
2014,"Male",0.00571283211316709,0.00714104014145886,0.00428462408487532,"North-West"
2015,"Female",0.00314951111133564,0.00393688888916955,0.00236213333350173,"North-West"
2015,"Male",0.00578952164851442,0.00723690206064302,0.00434214123638581,"North-West"
2016,"Female",0.00319054505265525,0.00398818131581906,0.00239290878949143,"North-West"
2016,"Male",0.00585405069874542,0.00731756337343177,0.00439053802405906,"North-West"
2017,"Female",0.00314705116802664,0.0039338139600333,0.00236028837601998,"North-West"
2017,"Male",0.0058671906130968,0.007333988266371,0.0044003929598226,"North-West"
2018,"Female",0.00314705116802664,0.0039338139600333,0.00236028837601998,"North-West"
2019,"Female",0.00314705116802664,0.0039338139600333,0.00236028837601998,"North-West"
2020,"Female",0.00314705116802664,0.0039338139600333,0.00236028837601998,"North-West"
2021,"Female",0.00314705116802664,0.0039338139600333,0.00236028837601998,"North-West"
2022,"Female",0.00314705116802664,0.0039338139600333,0.00236028837601998,"North-West"
2023,"Female",0.00314705116802664,0.0039338139600333,0.00236028837601998,"North-West"
2024,"Female",0.00314705116802664,0.0039338139600333,0.00236028837601998,"North-West"
2025,"Female",0.00314705116802664,0.0039338139600333,0.00236028837601998,"North-West"
2026,"Female",0.00314705116802664,0.0039338139600333,0.00236028837601998,"North-West"
2027,"Female",0.00314705116802664,0.0039338139600333,0.00236028837601998,"North-West"
2028,"Female",0.00314705116802664,0.0039338139600333,0.00236028837601998,"North-West"
2018,"Male",0.0058671906130968,0.007333988266371,0.0044003929598226,"North-West"
2019,"Male",0.0058671906130968,0.007333988266371,0.0044003929598226,"North-West"
2020,"Male",0.0058671906130968,0.007333988266371,0.0044003929598226,"North-West"
2021,"Male",0.0058671906130968,0.007333988266371,0.0044003929598226,"North-West"
2022,"Male",0.0058671906130968,0.007333988266371,0.0044003929598226,"North-West"
2023,"Male",0.0058671906130968,0.007333988266371,0.0044003929598226,"North-West"
2024,"Male",0.0058671906130968,0.007333988266371,0.0044003929598226,"North-West"
2025,"Male",0.0058671906130968,0.007333988266371,0.0044003929598226,"North-West"
2026,"Male",0.0058671906130968,0.007333988266371,0.0044003929598226,"North-West"
2027,"Male",0.0058671906130968,0.007333988266371,0.0044003929598226,"North-West"
2028,"Male",0.0058671906130968,0.007333988266371,0.0044003929598226,"North-West"
1990,"Female",0.00297334382236924,0.00371667977796154,0.00223000786677693,"Limpopo"
1990,"Male",0.00331598887565416,0.0041449860945677,0.00248699165674062,"Limpopo"
1991,"Female",0.00291254277713996,0.00364067847142494,0.00218440708285497,"Limpopo"
1991,"Male",0.00314841841885462,0.00393552302356828,0.00236131381414097,"Limpopo"
1992,"Female",0.00265846813314652,0.00332308516643315,0.00199385109985989,"Limpopo"
1992,"Male",0.00339713783551711,0.00424642229439638,0.00254785337663783,"Limpopo"
1993,"Female",0.00238591434409383,0.00298239293011729,0.00178943575807037,"Limpopo"
1993,"Male",0.00328583432601481,0.00410729290751851,0.00246437574451111,"Limpopo"
1994,"Female",0.00219703489048282,0.00274629361310352,0.00164777616786211,"Limpopo"
1994,"Male",0.0033776230433688,0.004222028804211,0.0025332172825266,"Limpopo"
1995,"Female",0.00182172850473134,0.00227716063091417,0.0013662963785485,"Limpopo"
1995,"Male",0.00420350600862463,0.00525438251078079,0.00315262950646848,"Limpopo"
1996,"Female",0.00191249673740271,0.00239062092175338,0.00143437255305203,"Limpopo"
1996,"Male",0.00383554158715498,0.00479442698394373,0.00287665619036623,"Limpopo"
1997,"Female",0.00176747215383541,0.00220934019229426,0.00132560411537656,"Limpopo"
1997,"Male",0.00434658775005258,0.00543323468756572,0.00325994081253943,"Limpopo"
1998,"Female",0.00176098831560261,0.00220123539450326,0.00132074123670196,"Limpopo"
1998,"Male",0.00478190105138232,0.00597737631422791,0.00358642578853674,"Limpopo"
1999,"Female",0.00178341423229204,0.00222926779036505,0.00133756067421903,"Limpopo"
1999,"Male",0.00511536910445646,0.00639421138057058,0.00383652682834235,"Limpopo"
2000,"Female",0.00199577411053402,0.00249471763816753,0.00149683058290052,"Limpopo"
2000,"Male",0.00560732449783294,0.00700915562229118,0.00420549337337471,"Limpopo"
2001,"Female",0.00189774819612864,0.0023721852451608,0.00142331114709648,"Limpopo"
2001,"Male",0.00559183145612209,0.00698978932015261,0.00419387359209157,"Limpopo"
2002,"Female",0.00198251674513171,0.00247814593141464,0.00148688755884878,"Limpopo"
2002,"Male",0.00579883662052569,0.00724854577565711,0.00434912746539427,"Limpopo"
2003,"Female",0.00214908338545341,0.00268635423181676,0.00161181253909006,"Limpopo"
2003,"Male",0.0061031284089563,0.00762891051119538,0.00457734630671723,"Limpopo"
2004,"Female",0.00232433060998761,0.00290541326248451,0.0017432479574907,"Limpopo"
2004,"Male",0.00631551485086257,0.00789439356357821,0.00473663613814693,"Limpopo"
2005,"Female",0.00255209289733578,0.00319011612166972,0.00191406967300183,"Limpopo"
2005,"Male",0.00653585049310893,0.00816981311638616,0.0049018878698317,"Limpopo"
2006,"Female",0.00294017192529882,0.00367521490662353,0.00220512894397412,"Limpopo"
2006,"Male",0.00702455543264263,0.00878069429080329,0.00526841657448197,"Limpopo"
2007,"Female",0.00298219507572199,0.00372774384465249,0.00223664630679149,"Limpopo"
2007,"Male",0.0070423390386664,0.00880292379833299,0.0052817542789998,"Limpopo"
2008,"Female",0.00294726418066581,0.00368408022583226,0.00221044813549936,"Limpopo"
2008,"Male",0.00699114569088543,0.00873893211360679,0.00524335926816407,"Limpopo"
2009,"Female",0.00284296241012451,0.00355370301265564,0.00213222180759338,"Limpopo"
2009,"Male",0.00683751761908072,0.0085468970238509,0.00512813821431054,"Limpopo"
2010,"Female",0.0025560742616537,0.00319509282706712,0.00191705569624027,"Limpopo"
2010,"Male",0.00622766939650796,0.00778458674563495,0.00467075204738097,"Limpopo"
2011,"Female",0.00235188901660008,0.0029398612707501,0.00176391676245006,"Limpopo"
2011,"Male",0.00584240396845715,0.00730300496057144,0.00438180297634286,"Limpopo"
2012,"Female",0.00275225150614405,0.00344031438268006,0.00206418862960804,"Limpopo"
2012,"Male",0.00589670330413206,0.00737087913016508,0.00442252747809905,"Limpopo"
2013,"Female",0.00280156340136617,0.00350195425170772,0.00210117255102463,"Limpopo"
2013,"Male",0.00564390868866693,0.00705488586083366,0.0042329315165002,"Limpopo"
2014,"Female",0.00289595445039796,0.00361994306299745,0.00217196583779847,"Limpopo"
2014,"Male",0.00554842930069226,0.00693553662586532,0.00416132197551919,"Limpopo"
2015,"Female",0.0026373439421661,0.00329667992770762,0.00197800795662457,"Limpopo"
2015,"Male",0.00517790252257169,0.00647237815321462,0.00388342689192877,"Limpopo"
2016,"Female",0.00231965714378622,0.00289957142973278,0.00173974285783967,"Limpopo"
2016,"Male",0.0049617381513136,0.006202172689142,0.0037213036134852,"Limpopo"
2017,"Female",0.00220670783990877,0.00275838479988596,0.00165503087993158,"Limpopo"
2017,"Male",0.0049302704509126,0.00616283806364076,0.00369770283818445,"Limpopo"
2018,"Female",0.00220670783990877,0.00275838479988596,0.00165503087993158,"Limpopo"
2019,"Female",0.00220670783990877,0.00275838479988596,0.00165503087993158,"Limpopo"
2020,"Female",0.00220670783990877,0.00275838479988596,0.00165503087993158,"Limpopo"
2021,"Female",0.00220670783990877,0.00275838479988596,0.00165503087993158,"Limpopo"
2022,"Female",0.00220670783990877,0.00275838479988596,0.00165503087993158,"Limpopo"
2023,"Female",0.00220670783990877,0.00275838479988596,0.00165503087993158,"Limpopo"
2024,"Female",0.00220670783990877,0.00275838479988596,0.00165503087993158,"Limpopo"
2025,"Female",0.00220670783990877,0.00275838479988596,0.00165503087993158,"Limpopo"
2026,"Female",0.00220670783990877,0.00275838479988596,0.00165503087993158,"Limpopo"
2027,"Female",0.00220670783990877,0.00275838479988596,0.00165503087993158,"Limpopo"
2028,"Female",0.00220670783990877,0.00275838479988596,0.00165503087993158,"Limpopo"
2018,"Male",0.0049302704509126,0.00616283806364076,0.00369770283818445,"Limpopo"
2019,"Male",0.0049302704509126,0.00616283806364076,0.00369770283818445,"Limpopo"
2020,"Male",0.0049302704509126,0.00616283806364076,0.00369770283818445,"Limpopo"
2021,"Male",0.0049302704509126,0.00616283806364076,0.00369770283818445,"Limpopo"
2022,"Male",0.0049302704509126,0.00616283806364076,0.00369770283818445,"Limpopo"
2023,"Male",0.0049302704509126,0.00616283806364076,0.00369770283818445,"Limpopo"
2024,"Male",0.0049302704509126,0.00616283806364076,0.00369770283818445,"Limpopo"
2025,"Male",0.0049302704509126,0.00616283806364076,0.00369770283818445,"Limpopo"
2026,"Male",0.0049302704509126,0.00616283806364076,0.00369770283818445,"Limpopo"
2027,"Male",0.0049302704509126,0.00616283806364076,0.00369770283818445,"Limpopo"
2028,"Male",0.0049302704509126,0.00616283806364076,0.00369770283818445,"Limpopo"
1990,"Female",0.00383895791885183,0.00479869739856478,0.00287921843913887,"KwaZulu-Natal"
1990,"Male",0.00759994282748791,0.00949992853435989,0.00569995712061593,"KwaZulu-Natal"
1991,"Female",0.00347877455951859,0.00434846819939824,0.00260908091963894,"KwaZulu-Natal"
1991,"Male",0.00762084188489202,0.00952605235611503,0.00571563141366902,"KwaZulu-Natal"
1992,"Female",0.00363938488733573,0.00454923110916966,0.00272953866550179,"KwaZulu-Natal"
1992,"Male",0.00748617012029141,0.00935771265036426,0.00561462759021856,"KwaZulu-Natal"
1993,"Female",0.00298594433173328,0.0037324304146666,0.00223945824879996,"KwaZulu-Natal"
1993,"Male",0.00773085308276732,0.00966356635345915,0.00579813981207549,"KwaZulu-Natal"
1994,"Female",0.00282134450378249,0.00352668062972811,0.00211600837783687,"KwaZulu-Natal"
1994,"Male",0.00797753904946385,0.00997192381182982,0.00598315428709789,"KwaZulu-Natal"
1995,"Female",0.00253524847161077,0.00316906058951346,0.00190143635370808,"KwaZulu-Natal"
1995,"Male",0.00806078828292742,0.0100759853536593,0.00604559121219557,"KwaZulu-Natal"
1996,"Female",0.00212971203696524,0.00266214004620655,0.00159728402772393,"KwaZulu-Natal"
1996,"Male",0.00733905308249251,0.00917381635311563,0.00550428981186938,"KwaZulu-Natal"
1997,"Female",0.00261934619110716,0.00327418273888396,0.00196450964333037,"KwaZulu-Natal"
1997,"Male",0.00820558727473287,0.0102569840934161,0.00615419045604965,"KwaZulu-Natal"
1998,"Female",0.00272008420498863,0.00340010525623579,0.00204006315374147,"KwaZulu-Natal"
1998,"Male",0.00909055927085455,0.0113631990885682,0.00681791945314091,"KwaZulu-Natal"
1999,"Female",0.00274358240537396,0.00342947800671745,0.00205768680403047,"KwaZulu-Natal"
1999,"Male",0.00822799564657409,0.0102849945582176,0.00617099673493057,"KwaZulu-Natal"
2000,"Female",0.0030648518448277,0.00383106480603462,0.00229863888362077,"KwaZulu-Natal"
2000,"Male",0.00818103317569717,0.0102262914696215,0.00613577488177288,"KwaZulu-Natal"
2001,"Female",0.00329586702638433,0.00411983378298041,0.00247190026978825,"KwaZulu-Natal"
2001,"Male",0.00815735059931801,0.0101966882491475,0.00611801294948851,"KwaZulu-Natal"
2002,"Female",0.00372500638979691,0.00465625798724613,0.00279375479234768,"KwaZulu-Natal"
2002,"Male",0.0083170974034962,0.0103963717543703,0.00623782305262215,"KwaZulu-Natal"
2003,"Female",0.00406790839177467,0.00508488548971834,0.003050931293831,"KwaZulu-Natal"
2003,"Male",0.00845663347803655,0.0105707918475457,0.00634247510852741,"KwaZulu-Natal"
2004,"Female",0.00415718210674598,0.00519647763343248,0.00311788658005949,"KwaZulu-Natal"
2004,"Male",0.00839176139014451,0.0104897017376806,0.00629382104260838,"KwaZulu-Natal"
2005,"Female",0.00401180260716789,0.00501475325895987,0.00300885195537592,"KwaZulu-Natal"
2005,"Male",0.00824296498473125,0.0103037062309141,0.00618222373854844,"KwaZulu-Natal"
2006,"Female",0.00385121087889813,0.00481401359862267,0.0028884081591736,"KwaZulu-Natal"
2006,"Male",0.00823524055068017,0.0102940506883502,0.00617643041301013,"KwaZulu-Natal"
2007,"Female",0.00341905070593678,0.00427381338242098,0.00256428802945259,"KwaZulu-Natal"
2007,"Male",0.0077251505643745,0.00965643820546812,0.00579386292328087,"KwaZulu-Natal"
2008,"Female",0.00319152807851614,0.00398941009814518,0.00239364605888711,"KwaZulu-Natal"
2008,"Male",0.00748261777653967,0.00935327222067458,0.00561196333240475,"KwaZulu-Natal"
2009,"Female",0.00294177902689269,0.00367722378361586,0.00220633427016951,"KwaZulu-Natal"
2009,"Male",0.00711606449206863,0.00889508061508579,0.00533704836905147,"KwaZulu-Natal"
2010,"Female",0.00267811755914254,0.00334764694892818,0.00200858816935691,"KwaZulu-Natal"
2010,"Male",0.00654298555121384,0.0081787319390173,0.00490723916341038,"KwaZulu-Natal"
2011,"Female",0.00248385037707406,0.00310481297134258,0.00186288778280554,"KwaZulu-Natal"
2011,"Male",0.00607385790239892,0.00759232237799865,0.00455539342679919,"KwaZulu-Natal"
2012,"Female",0.00239578553568689,0.00299473191960861,0.00179683915176517,"KwaZulu-Natal"
2012,"Male",0.00581638510424347,0.00727048138030434,0.0043622888281826,"KwaZulu-Natal"
2013,"Female",0.00227319929124515,0.00284149911405643,0.00170489946843386,"KwaZulu-Natal"
2013,"Male",0.00556524809381912,0.0069565601172739,0.00417393607036434,"KwaZulu-Natal"
2014,"Female",0.00214255171444109,0.00267818964305136,0.00160691378583082,"KwaZulu-Natal"
2014,"Male",0.00531518662444632,0.0066439832805579,0.00398638996833474,"KwaZulu-Natal"
2015,"Female",0.00204550919050217,0.00255688648812771,0.00153413189287663,"KwaZulu-Natal"
2015,"Male",0.00505908233618439,0.00632385292023049,0.00379431175213829,"KwaZulu-Natal"
2016,"Female",0.00193831518471054,0.00242289398088817,0.0014537363885329,"KwaZulu-Natal"
2016,"Male",0.00475937898255859,0.00594922372819823,0.00356953423691894,"KwaZulu-Natal"
2017,"Female",0.00184019023520831,0.00230023779401038,0.00138014267640623,"KwaZulu-Natal"
2017,"Male",0.00476289864719018,0.00595362330898772,0.00357217398539263,"KwaZulu-Natal"
2018,"Female",0.00184019023520831,0.00230023779401038,0.00138014267640623,"KwaZulu-Natal"
2019,"Female",0.00184019023520831,0.00230023779401038,0.00138014267640623,"KwaZulu-Natal"
2020,"Female",0.00184019023520831,0.00230023779401038,0.00138014267640623,"KwaZulu-Natal"
2021,"Female",0.00184019023520831,0.00230023779401038,0.00138014267640623,"KwaZulu-Natal"
2022,"Female",0.00184019023520831,0.00230023779401038,0.00138014267640623,"KwaZulu-Natal"
2023,"Female",0.00184019023520831,0.00230023779401038,0.00138014267640623,"KwaZulu-Natal"
2024,"Female",0.00184019023520831,0.00230023779401038,0.00138014267640623,"KwaZulu-Natal"
2025,"Female",0.00184019023520831,0.00230023779401038,0.00138014267640623,"KwaZulu-Natal"
2026,"Female",0.00184019023520831,0.00230023779401038,0.00138014267640623,"KwaZulu-Natal"
2027,"Female",0.00184019023520831,0.00230023779401038,0.00138014267640623,"KwaZulu-Natal"
2028,"Female",0.00184019023520831,0.00230023779401038,0.00138014267640623,"KwaZulu-Natal"
2018,"Male",0.00476289864719018,0.00595362330898772,0.00357217398539263,"KwaZulu-Natal"
2019,"Male",0.00476289864719018,0.00595362330898772,0.00357217398539263,"KwaZulu-Natal"
2020,"Male",0.00476289864719018,0.00595362330898772,0.00357217398539263,"KwaZulu-Natal"
2021,"Male",0.00476289864719018,0.00595362330898772,0.00357217398539263,"KwaZulu-Natal"
2022,"Male",0.00476289864719018,0.00595362330898772,0.00357217398539263,"KwaZulu-Natal"
2023,"Male",0.00476289864719018,0.00595362330898772,0.00357217398539263,"KwaZulu-Natal"
2024,"Male",0.00476289864719018,0.00595362330898772,0.00357217398539263,"KwaZulu-Natal"
2025,"Male",0.00476289864719018,0.00595362330898772,0.00357217398539263,"KwaZulu-Natal"
2026,"Male",0.00476289864719018,0.00595362330898772,0.00357217398539263,"KwaZulu-Natal"
2027,"Male",0.00476289864719018,0.00595362330898772,0.00357217398539263,"KwaZulu-Natal"
2028,"Male",0.00476289864719018,0.00595362330898772,0.00357217398539263,"KwaZulu-Natal"
1990,"Female",0.00432939308847569,0.00541174136059461,0.00324704481635677,"Northern Cape"
1990,"Male",0.00559519670406174,0.00699399588007718,0.00419639752804631,"Northern Cape"
1991,"Female",0.00370438284434752,0.0046304785554344,0.00277828713326064,"Northern Cape"
1991,"Male",0.00622191320384489,0.00777739150480612,0.00466643490288367,"Northern Cape"
1992,"Female",0.00516357653471574,0.00645447066839468,0.00387268240103681,"Northern Cape"
1992,"Male",0.00661429672112395,0.00826787090140494,0.00496072254084296,"Northern Cape"
1993,"Female",0.00391465456206094,0.00489331820257618,0.00293599092154571,"Northern Cape"
1993,"Male",0.00633261769071738,0.00791577211339672,0.00474946326803803,"Northern Cape"
1994,"Female",0.00525710263243466,0.00657137829054332,0.00394282697432599,"Northern Cape"
1994,"Male",0.00650937991454812,0.00813672489318515,0.00488203493591109,"Northern Cape"
1995,"Female",0.0038626250110286,0.00482828126378575,0.00289696875827145,"Northern Cape"
1995,"Male",0.0069889003533927,0.00873612544174088,0.00524167526504453,"Northern Cape"
1996,"Female",0.00364670782301265,0.00455838477876582,0.00273503086725949,"Northern Cape"
1996,"Male",0.007565872281387,0.00945734035173375,0.00567440421104025,"Northern Cape"
1997,"Female",0.00560798896830959,0.00700998621038698,0.00420599172623219,"Northern Cape"
1997,"Male",0.00862600467739051,0.0107825058467381,0.00646950350804288,"Northern Cape"
1998,"Female",0.00566118676262675,0.00707648345328344,0.00424589007197006,"Northern Cape"
1998,"Male",0.0101711022323165,0.0127138777903957,0.0076283266742374,"Northern Cape"
1999,"Female",0.00628765099046527,0.00785956373808159,0.00471573824284895,"Northern Cape"
1999,"Male",0.0104503052966056,0.013062881620757,0.00783772897245419,"Northern Cape"
2000,"Female",0.00692526624482812,0.00865658280603515,0.00519394968362109,"Northern Cape"
2000,"Male",0.0108169115492791,0.0135211394365989,0.00811268366195931,"Northern Cape"
2001,"Female",0.00729616446618966,0.00912020558273708,0.00547212334964225,"Northern Cape"
2001,"Male",0.011044228421498,0.0138052855268725,0.00828317131612352,"Northern Cape"
2002,"Female",0.00757948299706916,0.00947435374633645,0.00568461224780187,"Northern Cape"
2002,"Male",0.0112910243106079,0.0141137803882598,0.00846826823295591,"Northern Cape"
2003,"Female",0.00779519974394049,0.00974399967992561,0.00584639980795537,"Northern Cape"
2003,"Male",0.0117496486194022,0.0146870607742527,0.00881223646455163,"Northern Cape"
2004,"Female",0.00829504605667244,0.0103688075708406,0.00622128454250433,"Northern Cape"
2004,"Male",0.0116888453862192,0.014611056732774,0.00876663403966441,"Northern Cape"
2005,"Female",0.00775291664577741,0.00969114580722176,0.00581468748433306,"Northern Cape"
2005,"Male",0.0119431010937892,0.0149288763672365,0.00895732582034188,"Northern Cape"
2006,"Female",0.00766137332321907,0.00957671665402384,0.0057460299924143,"Northern Cape"
2006,"Male",0.0121458835174686,0.0151823543968358,0.00910941263810145,"Northern Cape"
2007,"Female",0.00743142593275796,0.00928928241594745,0.00557356944956847,"Northern Cape"
2007,"Male",0.0115240450135434,0.0144050562669293,0.00864303376015757,"Northern Cape"
2008,"Female",0.00734702155713286,0.00918377694641608,0.00551026616784965,"Northern Cape"
2008,"Male",0.0110219433670796,0.0137774292088495,0.00826645752530968,"Northern Cape"
2009,"Female",0.00699186980761676,0.00873983725952095,0.00524390235571257,"Northern Cape"
2009,"Male",0.0105167282628897,0.0131459103286122,0.0078875461971673,"Northern Cape"
2010,"Female",0.00642003215774,0.008025040197175,0.004815024118305,"Northern Cape"
2010,"Male",0.0100386048776631,0.0125482560970788,0.0075289536582473,"Northern Cape"
2011,"Female",0.00561028960426384,0.0070128620053298,0.00420771720319788,"Northern Cape"
2011,"Male",0.009002011470012,0.011252514337515,0.006751508602509,"Northern Cape"
2012,"Female",0.00496249995600939,0.00620312494501174,0.00372187496700704,"Northern Cape"
2012,"Male",0.00833267540996051,0.0104158442624506,0.00624950655747038,"Northern Cape"
2013,"Female",0.00446397559730157,0.00557996949662696,0.00334798169797617,"Northern Cape"
2013,"Male",0.00770975873474008,0.0096371984184251,0.00578231905105506,"Northern Cape"
2014,"Female",0.00418932466917123,0.00523665583646403,0.00314199350187842,"Northern Cape"
2014,"Male",0.00725521676775462,0.00906902095969328,0.00544141257581596,"Northern Cape"
2015,"Female",0.00380424595622362,0.00475530744527953,0.00285318446716772,"Northern Cape"
2015,"Male",0.00676267891894472,0.00845334864868089,0.00507200918920854,"Northern Cape"
2016,"Female",0.00333146697517272,0.0041643337189659,0.00249860023137954,"Northern Cape"
2016,"Male",0.00621620000707186,0.00777025000883982,0.00466215000530389,"Northern Cape"
2017,"Female",0.00320363532975508,0.00400454416219385,0.00240272649731631,"Northern Cape"
2017,"Male",0.00609316162539163,0.00761645203173954,0.00456987121904372,"Northern Cape"
2018,"Female",0.00320363532975508,0.00400454416219385,0.00240272649731631,"Northern Cape"
2019,"Female",0.00320363532975508,0.00400454416219385,0.00240272649731631,"Northern Cape"
2020,"Female",0.00320363532975508,0.00400454416219385,0.00240272649731631,"Northern Cape"
2021,"Female",0.00320363532975508,0.00400454416219385,0.00240272649731631,"Northern Cape"
2022,"Female",0.00320363532975508,0.00400454416219385,0.00240272649731631,"Northern Cape"
2023,"Female",0.00320363532975508,0.00400454416219385,0.00240272649731631,"Northern Cape"
2024,"Female",0.00320363532975508,0.00400454416219385,0.00240272649731631,"Northern Cape"
2025,"Female",0.00320363532975508,0.00400454416219385,0.00240272649731631,"Northern Cape"
2026,"Female",0.00320363532975508,0.00400454416219385,0.00240272649731631,"Northern Cape"
2027,"Female",0.00320363532975508,0.00400454416219385,0.00240272649731631,"Northern Cape"
2028,"Female",0.00320363532975508,0.00400454416219385,0.00240272649731631,"Northern Cape"
2018,"Male",0.00609316162539163,0.00761645203173954,0.00456987121904372,"Northern Cape"
2019,"Male",0.00609316162539163,0.00761645203173954,0.00456987121904372,"Northern Cape"
2020,"Male",0.00609316162539163,0.00761645203173954,0.00456987121904372,"Northern Cape"
2021,"Male",0.00609316162539163,0.00761645203173954,0.00456987121904372,"Northern Cape"
2022,"Male",0.00609316162539163,0.00761645203173954,0.00456987121904372,"Northern Cape"
2023,"Male",0.00609316162539163,0.00761645203173954,0.00456987121904372,"Northern Cape"
2024,"Male",0.00609316162539163,0.00761645203173954,0.00456987121904372,"Northern Cape"
2025,"Male",0.00609316162539163,0.00761645203173954,0.00456987121904372,"Northern Cape"
2026,"Male",0.00609316162539163,0.00761645203173954,0.00456987121904372,"Northern Cape"
2027,"Male",0.00609316162539163,0.00761645203173954,0.00456987121904372,"Northern Cape"
2028,"Male",0.00609316162539163,0.00761645203173954,0.00456987121904372,"Northern Cape"
1990,"Female",0.00344443783452708,0.00430554729315885,0.00258332837589531,"Eastern Cape"
1990,"Male",0.00560083978066233,0.00700104972582792,0.00420062983549675,"Eastern Cape"
1991,"Female",0.00328274423398947,0.00410343029248684,0.00246205817549211,"Eastern Cape"
1991,"Male",0.00628892103512617,0.00786115129390771,0.00471669077634462,"Eastern Cape"
1992,"Female",0.0038479424461315,0.00480992805766438,0.00288595683459863,"Eastern Cape"
1992,"Male",0.00656692346859807,0.00820865433574759,0.00492519260144856,"Eastern Cape"
1993,"Female",0.00346515637314749,0.00433144546643436,0.00259886727986062,"Eastern Cape"
1993,"Male",0.00681019189634476,0.00851273987043095,0.00510764392225857,"Eastern Cape"
1994,"Female",0.00370370351002659,0.00462962938753324,0.00277777763251995,"Eastern Cape"
1994,"Male",0.00700924215546219,0.00876155269432774,0.00525693161659664,"Eastern Cape"
1995,"Female",0.00301415463927849,0.00376769329909811,0.00226061597945887,"Eastern Cape"
1995,"Male",0.00796914352462033,0.00996142940577541,0.00597685764346525,"Eastern Cape"
1996,"Female",0.00307532430577529,0.00384415538221912,0.00230649322933147,"Eastern Cape"
1996,"Male",0.00887060058138977,0.0110882507267372,0.00665295043604233,"Eastern Cape"
1997,"Female",0.00337059909206793,0.00421324886508492,0.00252794931905095,"Eastern Cape"
1997,"Male",0.00869968649184207,0.0108746081148026,0.00652476486888155,"Eastern Cape"
1998,"Female",0.00384153938554092,0.00480192423192615,0.00288115453915569,"Eastern Cape"
1998,"Male",0.0102705832407496,0.012838229050937,0.00770293743056221,"Eastern Cape"
1999,"Female",0.00388896022976347,0.00486120028720433,0.0029167201723226,"Eastern Cape"
1999,"Male",0.0100903163447509,0.0126128954309387,0.00756773725856319,"Eastern Cape"
2000,"Female",0.00452030122193735,0.00565037652742169,0.00339022591645301,"Eastern Cape"
2000,"Male",0.0108592007234508,0.0135740009043135,0.00814440054258809,"Eastern Cape"
2001,"Female",0.00442046023210718,0.00552557529013398,0.00331534517408039,"Eastern Cape"
2001,"Male",0.0106253850782163,0.0132817313477704,0.00796903880866223,"Eastern Cape"
2002,"Female",0.00456109803471548,0.00570137254339435,0.00342082352603661,"Eastern Cape"
2002,"Male",0.0106768002578899,0.0133460003223623,0.00800760019341741,"Eastern Cape"
2003,"Female",0.00464060902696186,0.00580076128370232,0.00348045677022139,"Eastern Cape"
2003,"Male",0.0106561017374047,0.0133201271717559,0.00799207630305353,"Eastern Cape"
2004,"Female",0.00457247936688423,0.00571559920860529,0.00342935952516318,"Eastern Cape"
2004,"Male",0.0105020235070546,0.0131275293838183,0.00787651763029098,"Eastern Cape"
2005,"Female",0.00436225308713959,0.00545281635892449,0.00327168981535469,"Eastern Cape"
2005,"Male",0.0102114288601867,0.0127642860752334,0.00765857164514001,"Eastern Cape"
2006,"Female",0.00427415977329867,0.00534269971662333,0.003205619829974,"Eastern Cape"
2006,"Male",0.0101587959318575,0.0126984949148219,0.00761909694889314,"Eastern Cape"
2007,"Female",0.00352129153371548,0.00440161441714435,0.00264096865028661,"Eastern Cape"
2007,"Male",0.0092116977799572,0.0115146222249465,0.0069087733349679,"Eastern Cape"
2008,"Female",0.00317282931891322,0.00396603664864153,0.00237962198918492,"Eastern Cape"
2008,"Male",0.00868547916280097,0.0108568489535012,0.00651410937210072,"Eastern Cape"
2009,"Female",0.0030658690024558,0.00383233625306975,0.00229940175184185,"Eastern Cape"
2009,"Male",0.00840218084352366,0.0105027260544046,0.00630163563264275,"Eastern Cape"
2010,"Female",0.00325517561811875,0.00406896952264844,0.00244138171358907,"Eastern Cape"
2010,"Male",0.00844193807030942,0.0105524225878868,0.00633145355273207,"Eastern Cape"
2011,"Female",0.00259062518478448,0.0032382814809806,0.00194296888858836,"Eastern Cape"
2011,"Male",0.00737260864938141,0.00921576081172676,0.00552945648703605,"Eastern Cape"
2012,"Female",0.00224878529192494,0.00281098161490617,0.0016865889689437,"Eastern Cape"
2012,"Male",0.00678701523584649,0.00848376904480811,0.00509026142688487,"Eastern Cape"
2013,"Female",0.00230553869110912,0.00288192336388639,0.00172915401833184,"Eastern Cape"
2013,"Male",0.00674717876176023,0.00843397345220029,0.00506038407132017,"Eastern Cape"
2014,"Female",0.00252004221213677,0.00315005276517097,0.00189003165910258,"Eastern Cape"
2014,"Male",0.00723278760398572,0.00904098450498215,0.00542459070298929,"Eastern Cape"
2015,"Female",0.00231312210611325,0.00289140263264157,0.00173484157958494,"Eastern Cape"
2015,"Male",0.00726735722751435,0.00908419653439294,0.00545051792063577,"Eastern Cape"
2016,"Female",0.00203803103972272,0.0025475387996534,0.00152852327979204,"Eastern Cape"
2016,"Male",0.0065550426807285,0.00819380335091063,0.00491628201054638,"Eastern Cape"
2017,"Female",0.00192782996100847,0.00240978745126059,0.00144587247075635,"Eastern Cape"
2017,"Male",0.00632789778770739,0.00790987223463423,0.00474592334078054,"Eastern Cape"
2018,"Female",0.00192782996100847,0.00240978745126059,0.00144587247075635,"Eastern Cape"
2019,"Female",0.00192782996100847,0.00240978745126059,0.00144587247075635,"Eastern Cape"
2020,"Female",0.00192782996100847,0.00240978745126059,0.00144587247075635,"Eastern Cape"
2021,"Female",0.00192782996100847,0.00240978745126059,0.00144587247075635,"Eastern Cape"
2022,"Female",0.00192782996100847,0.00240978745126059,0.00144587247075635,"Eastern Cape"
2023,"Female",0.00192782996100847,0.00240978745126059,0.00144587247075635,"Eastern Cape"
2024,"Female",0.00192782996100847,0.00240978745126059,0.00144587247075635,"Eastern Cape"
2025,"Female",0.00192782996100847,0.00240978745126059,0.00144587247075635,"Eastern Cape"
2026,"Female",0.00192782996100847,0.00240978745126059,0.00144587247075635,"Eastern Cape"
2027,"Female",0.00192782996100847,0.00240978745126059,0.00144587247075635,"Eastern Cape"
2028,"Female",0.00192782996100847,0.00240978745126059,0.00144587247075635,"Eastern Cape"
2018,"Male",0.00632789778770739,0.00790987223463423,0.00474592334078054,"Eastern Cape"
2019,"Male",0.00632789778770739,0.00790987223463423,0.00474592334078054,"Eastern Cape"
2020,"Male",0.00632789778770739,0.00790987223463423,0.00474592334078054,"Eastern Cape"
2021,"Male",0.00632789778770739,0.00790987223463423,0.00474592334078054,"Eastern Cape"
2022,"Male",0.00632789778770739,0.00790987223463423,0.00474592334078054,"Eastern Cape"
2023,"Male",0.00632789778770739,0.00790987223463423,0.00474592334078054,"Eastern Cape"
2024,"Male",0.00632789778770739,0.00790987223463423,0.00474592334078054,"Eastern Cape"
2025,"Male",0.00632789778770739,0.00790987223463423,0.00474592334078054,"Eastern Cape"
2026,"Male",0.00632789778770739,0.00790987223463423,0.00474592334078054,"Eastern Cape"
2027,"Male",0.00632789778770739,0.00790987223463423,0.00474592334078054,"Eastern Cape"
2028,"Male",0.00632789778770739,0.00790987223463423,0.00474592334078054,"Eastern Cape"
1990,"Female",0.00401790502878676,0.00502238128598346,0.00301342877159007,"Gauteng"
1990,"Male",0.00768196863880763,0.00960246079850954,0.00576147647910573,"Gauteng"
1991,"Female",0.00379746937207458,0.00474683671509323,0.00284810202905594,"Gauteng"
1991,"Male",0.00752242103716644,0.00940302629645805,0.00564181577787483,"Gauteng"
1992,"Female",0.00422059262180955,0.00527574077726194,0.00316544446635717,"Gauteng"
1992,"Male",0.00790486373202605,0.00988107966503256,0.00592864779901954,"Gauteng"
1993,"Female",0.00326976990224411,0.00408721237780514,0.00245232742668308,"Gauteng"
1993,"Male",0.00710840531660962,0.00888550664576202,0.00533130398745721,"Gauteng"
1994,"Female",0.00336409579836301,0.00420511974795376,0.00252307184877226,"Gauteng"
1994,"Male",0.00688495984582581,0.00860619980728226,0.00516371988436936,"Gauteng"
1995,"Female",0.00338108963633548,0.00422636204541935,0.00253581722725161,"Gauteng"
1995,"Male",0.00686942593711682,0.00858678242139603,0.00515206945283762,"Gauteng"
1996,"Female",0.0030011773266288,0.00375147165828601,0.0022508829949716,"Gauteng"
1996,"Male",0.00664606220039216,0.00830757775049019,0.00498454665029412,"Gauteng"
1997,"Female",0.00335039729496497,0.00418799661870621,0.00251279797122373,"Gauteng"
1997,"Male",0.00779029130174245,0.00973786412717806,0.00584271847630683,"Gauteng"
1998,"Female",0.00314973721371776,0.0039371715171472,0.00236230291028832,"Gauteng"
1998,"Male",0.00662143762230218,0.00827679702787772,0.00496607821672663,"Gauteng"
1999,"Female",0.00301791279215143,0.00377239099018929,0.00226343459411357,"Gauteng"
1999,"Male",0.00601559422799618,0.00751949278499523,0.00451169567099714,"Gauteng"
2000,"Female",0.00283865164149683,0.00354831455187103,0.00212898873112262,"Gauteng"
2000,"Male",0.00544126862852037,0.00680158578565046,0.00408095147139028,"Gauteng"
2001,"Female",0.00260686426639363,0.00325858033299204,0.00195514819979522,"Gauteng"
2001,"Male",0.00497302358299771,0.00621627947874714,0.00372976768724828,"Gauteng"
2002,"Female",0.00250615899802849,0.00313269874753561,0.00187961924852137,"Gauteng"
2002,"Male",0.00467030785015661,0.00583788481269576,0.00350273088761746,"Gauteng"
2003,"Female",0.0024288473134952,0.003036059141869,0.0018216354851214,"Gauteng"
2003,"Male",0.0044139192449823,0.00551739905622787,0.00331043943373672,"Gauteng"
2004,"Female",0.00235089622469382,0.00293862028086728,0.00176317216852036,"Gauteng"
2004,"Male",0.00415875588645601,0.00519844485807002,0.00311906691484201,"Gauteng"
2005,"Female",0.00225195649933383,0.00281494562416729,0.00168896737450037,"Gauteng"
2005,"Male",0.00396441737656397,0.00495552172070496,0.00297331303242298,"Gauteng"
2006,"Female",0.00223831019358764,0.00279788774198455,0.00167873264519073,"Gauteng"
2006,"Male",0.00384220717181534,0.00480275896476917,0.0028816553788615,"Gauteng"
2007,"Female",0.00217506032747645,0.00271882540934556,0.00163129524560734,"Gauteng"
2007,"Male",0.00377590289992012,0.00471987862490015,0.00283192717494009,"Gauteng"
2008,"Female",0.00212888619325963,0.00266110774157454,0.00159666464494472,"Gauteng"
2008,"Male",0.00367892724001702,0.00459865905002128,0.00275919543001277,"Gauteng"
2009,"Female",0.0021050962371101,0.00263137029638762,0.00157882217783257,"Gauteng"
2009,"Male",0.00349598993883945,0.00436998742354931,0.00262199245412958,"Gauteng"
2010,"Female",0.0021260945150385,0.00265761814379812,0.00159457088627887,"Gauteng"
2010,"Male",0.00335356890701508,0.00419196113376885,0.00251517668026131,"Gauteng"
2011,"Female",0.00206701658248101,0.00258377072810126,0.00155026243686076,"Gauteng"
2011,"Male",0.00320390134797824,0.0040048766849728,0.00240292601098368,"Gauteng"
2012,"Female",0.00201821530424998,0.00252276913031247,0.00151366147818748,"Gauteng"
2012,"Male",0.00328446540978892,0.00410558176223615,0.00246334905734169,"Gauteng"
2013,"Female",0.00201814249145149,0.00252267811431436,0.00151360686858862,"Gauteng"
2013,"Male",0.0033438598587392,0.004179824823424,0.0025078948940544,"Gauteng"
2014,"Female",0.0020225120426615,0.00252814005332688,0.00151688403199613,"Gauteng"
2014,"Male",0.00339397293541441,0.00424246616926801,0.00254547970156081,"Gauteng"
2015,"Female",0.00201235444183713,0.00251544305229641,0.00150926583137785,"Gauteng"
2015,"Male",0.00342738341122399,0.00428422926402999,0.00257053755841799,"Gauteng"
2016,"Female",0.00199022170511893,0.00248777713139866,0.0014926662788392,"Gauteng"
2016,"Male",0.00341073414157061,0.00426341767696326,0.00255805060617796,"Gauteng"
2017,"Female",0.00195676298476917,0.00244595373096147,0.00146757223857688,"Gauteng"
2017,"Male",0.00347936044650662,0.00434920055813327,0.00260952033487996,"Gauteng"
2018,"Female",0.00195676298476917,0.00244595373096147,0.00146757223857688,"Gauteng"
2019,"Female",0.00195676298476917,0.00244595373096147,0.00146757223857688,"Gauteng"
2020,"Female",0.00195676298476917,0.00244595373096147,0.00146757223857688,"Gauteng"
2021,"Female",0.00195676298476917,0.00244595373096147,0.00146757223857688,"Gauteng"
2022,"Female",0.00195676298476917,0.00244595373096147,0.00146757223857688,"Gauteng"
2023,"Female",0.00195676298476917,0.00244595373096147,0.00146757223857688,"Gauteng"
2024,"Female",0.00195676298476917,0.00244595373096147,0.00146757223857688,"Gauteng"
2025,"Female",0.00195676298476917,0.00244595373096147,0.00146757223857688,"Gauteng"
2026,"Female",0.00195676298476917,0.00244595373096147,0.00146757223857688,"Gauteng"
2027,"Female",0.00195676298476917,0.00244595373096147,0.00146757223857688,"Gauteng"
2028,"Female",0.00195676298476917,0.00244595373096147,0.00146757223857688,"Gauteng"
2018,"Male",0.00347936044650662,0.00434920055813327,0.00260952033487996,"Gauteng"
2019,"Male",0.00347936044650662,0.00434920055813327,0.00260952033487996,"Gauteng"
2020,"Male",0.00347936044650662,0.00434920055813327,0.00260952033487996,"Gauteng"
2021,"Male",0.00347936044650662,0.00434920055813327,0.00260952033487996,"Gauteng"
2022,"Male",0.00347936044650662,0.00434920055813327,0.00260952033487996,"Gauteng"
2023,"Male",0.00347936044650662,0.00434920055813327,0.00260952033487996,"Gauteng"
2024,"Male",0.00347936044650662,0.00434920055813327,0.00260952033487996,"Gauteng"
2025,"Male",0.00347936044650662,0.00434920055813327,0.00260952033487996,"Gauteng"
2026,"Male",0.00347936044650662,0.00434920055813327,0.00260952033487996,"Gauteng"
2027,"Male",0.00347936044650662,0.00434920055813327,0.00260952033487996,"Gauteng"
2028,"Male",0.00347936044650662,0.00434920055813327,0.00260952033487996,"Gauteng"
1990,"Female",0.00452057001806176,0.0056507125225772,0.00339042751354632,"Free State"
1990,"Male",0.00801899582933065,0.0100237447866633,0.00601424687199799,"Free State"
1991,"Female",0.00435810204263299,0.00544762755329124,0.00326857653197474,"Free State"
1991,"Male",0.00787206816476946,0.00984008520596183,0.0059040511235771,"Free State"
1992,"Female",0.00490330381054574,0.00612912976318218,0.00367747785790931,"Free State"
1992,"Male",0.00813587481016565,0.0101698435127071,0.00610190610762423,"Free State"
1993,"Female",0.00429459696669009,0.00536824620836261,0.00322094772501757,"Free State"
1993,"Male",0.00766635317583536,0.00958294146979419,0.00574976488187652,"Free State"
1994,"Female",0.00434799476128275,0.00543499345160344,0.00326099607096206,"Free State"
1994,"Male",0.00679957953888109,0.00849947442360137,0.00509968465416082,"Free State"
1995,"Female",0.00347245506459512,0.0043405688307439,0.00260434129844634,"Free State"
1995,"Male",0.00682377449213738,0.00852971811517173,0.00511783086910304,"Free State"
1996,"Female",0.00239827410229151,0.00299784262786439,0.00179870557671863,"Free State"
1996,"Male",0.00724898305385756,0.00906122881732195,0.00543673729039317,"Free State"
1997,"Female",0.0033143620170867,0.00414295252135837,0.00248577151281502,"Free State"
1997,"Male",0.00725694444312883,0.00907118055391104,0.00544270833234662,"Free State"
1998,"Female",0.00368702187643795,0.00460877734554743,0.00276526640732846,"Free State"
1998,"Male",0.00768151085912715,0.00960188857390894,0.00576113314434537,"Free State"
1999,"Female",0.00379534765980912,0.0047441845747614,0.00284651074485684,"Free State"
1999,"Male",0.00813000479670248,0.0101625059958781,0.00609750359752686,"Free State"
2000,"Female",0.00448086731001251,0.00560108413751564,0.00336065048250939,"Free State"
2000,"Male",0.00901789570847292,0.0112723696355911,0.00676342178135469,"Free State"
2001,"Female",0.00454675877589867,0.00568344846987333,0.003410069081924,"Free State"
2001,"Male",0.00976298484777384,0.0122037310597173,0.00732223863583038,"Free State"
2002,"Female",0.00518912583193518,0.00648640728991898,0.00389184437395139,"Free State"
2002,"Male",0.0105702680137701,0.0132128350172126,0.00792770101032754,"Free State"
2003,"Female",0.00636264268371282,0.00795330335464103,0.00477198201278462,"Free State"
2003,"Male",0.0122180930176631,0.0152726162720789,0.00916356976324732,"Free State"
2004,"Female",0.00718741259696388,0.00898426574620485,0.00539055944772291,"Free State"
2004,"Male",0.013246069982329,0.0165575874779112,0.00993455248674674,"Free State"
2005,"Female",0.00741822361715339,0.00927277952144174,0.00556366771286505,"Free State"
2005,"Male",0.0135934847857336,0.016991855982167,0.0101951135893002,"Free State"
2006,"Female",0.0072181439763486,0.00902267997043575,0.00541360798226145,"Free State"
2006,"Male",0.0132539051761947,0.0165673814702434,0.00994042888214602,"Free State"
2007,"Female",0.00650629568770086,0.00813286960962607,0.00487972176577564,"Free State"
2007,"Male",0.0129218406098989,0.0161523007623737,0.0096913804574242,"Free State"
2008,"Female",0.00620425859556137,0.00775532324445171,0.00465319394667103,"Free State"
2008,"Male",0.012481599847493,0.0156019998093663,0.00936119988561977,"Free State"
2009,"Female",0.00597429103891255,0.00746786379864069,0.00448071827918442,"Free State"
2009,"Male",0.0120374687663153,0.0150468359578942,0.00902810157473649,"Free State"
2010,"Female",0.00508783180088108,0.00635978975110135,0.00381587385066081,"Free State"
2010,"Male",0.0106452345668003,0.0133065432085003,0.0079839259251002,"Free State"
2011,"Female",0.00397543486119728,0.0049692935764966,0.00298157614589796,"Free State"
2011,"Male",0.00910916515838962,0.011386456447987,0.00683187386879221,"Free State"
2012,"Female",0.00298116415538787,0.00372645519423484,0.0022358731165409,"Free State"
2012,"Male",0.0076133198857121,0.00951664985714012,0.00570998991428407,"Free State"
2013,"Female",0.00274255620374598,0.00342819525468248,0.00205691715280949,"Free State"
2013,"Male",0.00702670675102776,0.0087833834387847,0.00527003006327082,"Free State"
2014,"Female",0.00274076403953998,0.00342595504942497,0.00205557302965498,"Free State"
2014,"Male",0.00674409517445995,0.00843011896807494,0.00505807138084497,"Free State"
2015,"Female",0.00270396654506809,0.00337995818133511,0.00202797490880107,"Free State"
2015,"Male",0.00662687963355478,0.00828359954194347,0.00497015972516608,"Free State"
2016,"Female",0.00271479622030793,0.00339349527538491,0.00203609716523095,"Free State"
2016,"Male",0.00664042453411893,0.00830053066764866,0.0049803184005892,"Free State"
2017,"Female",0.00267556140860523,0.00334445176075654,0.00200667105645392,"Free State"
2017,"Male",0.0067601829837797,0.00845022872972462,0.00507013723783477,"Free State"
2018,"Female",0.00267556140860523,0.00334445176075654,0.00200667105645392,"Free State"
2019,"Female",0.00267556140860523,0.00334445176075654,0.00200667105645392,"Free State"
2020,"Female",0.00267556140860523,0.00334445176075654,0.00200667105645392,"Free State"
2021,"Female",0.00267556140860523,0.00334445176075654,0.00200667105645392,"Free State"
2022,"Female",0.00267556140860523,0.00334445176075654,0.00200667105645392,"Free State"
2023,"Female",0.00267556140860523,0.00334445176075654,0.00200667105645392,"Free State"
2024,"Female",0.00267556140860523,0.00334445176075654,0.00200667105645392,"Free State"
2025,"Female",0.00267556140860523,0.00334445176075654,0.00200667105645392,"Free State"
2026,"Female",0.00267556140860523,0.00334445176075654,0.00200667105645392,"Free State"
2027,"Female",0.00267556140860523,0.00334445176075654,0.00200667105645392,"Free State"
2028,"Female",0.00267556140860523,0.00334445176075654,0.00200667105645392,"Free State"
2018,"Male",0.0067601829837797,0.00845022872972462,0.00507013723783477,"Free State"
2019,"Male",0.0067601829837797,0.00845022872972462,0.00507013723783477,"Free State"
2020,"Male",0.0067601829837797,0.00845022872972462,0.00507013723783477,"Free State"
2021,"Male",0.0067601829837797,0.00845022872972462,0.00507013723783477,"Free State"
2022,"Male",0.0067601829837797,0.00845022872972462,0.00507013723783477,"Free State"
2023,"Male",0.0067601829837797,0.00845022872972462,0.00507013723783477,"Free State"
2024,"Male",0.0067601829837797,0.00845022872972462,0.00507013723783477,"Free State"
2025,"Male",0.0067601829837797,0.00845022872972462,0.00507013723783477,"Free State"
2026,"Male",0.0067601829837797,0.00845022872972462,0.00507013723783477,"Free State"
2027,"Male",0.0067601829837797,0.00845022872972462,0.00507013723783477,"Free State"
2028,"Male",0.0067601829837797,0.00845022872972462,0.00507013723783477,"Free State"
