measure,location,sex,age,cause,metric,year,val,upper,lower
Prevalence,North-West,Both,50-54 years,HIV/AIDS,Number,1990,446.7899489953648,768.1289141638129,247.24362334149896
Prevalence,North-West,Both,50-54 years,HIV/AIDS,Number,1991,723.3574811548071,1242.8885330970104,387.6887628254081
Prevalence,North-West,Both,50-54 years,HIV/AIDS,Number,1992,1154.4385231475956,1895.156563203998,628.4007929299036
Prevalence,North-West,Both,50-54 years,HIV/AIDS,Number,1993,1770.7623173458394,2885.3342175253515,965.6879367626481
Prevalence,North-West,Both,50-54 years,HIV/AIDS,Number,1994,2588.200460443249,4094.2542582739393,1455.134184500931
Prevalence,North-West,Both,50-54 years,HIV/AIDS,Number,1995,3597.329707824317,5551.406798101499,2129.0332857176477
Prevalence,North-West,Both,50-54 years,HIV/AIDS,Number,1996,4949.66252768364,7562.843949760841,3066.3296695818663
Prevalence,North-West,Both,50-54 years,HIV/AIDS,Number,1997,6464.055253775245,9509.479130531197,4193.75302412179
Prevalence,North-West,Both,50-54 years,HIV/AIDS,Number,1998,8153.45851679342,11651.052798415572,5381.7714463376615
Prevalence,North-West,Both,50-54 years,HIV/AIDS,Number,1999,9944.325827824663,13915.691215041452,6693.654023304379
Prevalence,North-West,Both,50-54 years,HIV/AIDS,Number,2000,11797.428753030168,16348.978469329504,8088.675577179269
Prevalence,North-West,Both,50-54 years,HIV/AIDS,Number,2001,13446.061858398989,18427.49856661576,9373.561186916937
Prevalence,North-West,Both,50-54 years,HIV/AIDS,Number,2002,15134.5838631732,20377.83585619888,10644.423056120895
Prevalence,North-West,Both,50-54 years,HIV/AIDS,Number,2003,16762.30618714725,22489.666390111615,11946.85240586868
Prevalence,North-West,Both,50-54 years,HIV/AIDS,Number,2004,18324.044019338264,24339.772784764165,13025.043368143142
Prevalence,North-West,Both,50-54 years,HIV/AIDS,Number,2005,19890.140725344354,26019.1826527954,14294.522652594242
Prevalence,North-West,Both,50-54 years,HIV/AIDS,Number,2006,21499.58128435408,27576.093289536984,15365.783507608836
Prevalence,North-West,Both,50-54 years,HIV/AIDS,Number,2007,23109.025751708803,29361.28510564172,16737.477459655987
Prevalence,North-West,Both,50-54 years,HIV/AIDS,Number,2008,24728.361112793566,31028.345417521432,18880.565655705912
Prevalence,North-West,Both,50-54 years,HIV/AIDS,Number,2009,26366.971188027994,32582.951688531542,20701.323018687704
Prevalence,North-West,Both,50-54 years,HIV/AIDS,Number,2010,28068.223562385996,34402.682098340316,22219.445173946744
Prevalence,North-West,Both,50-54 years,HIV/AIDS,Number,2011,29813.743839910345,35996.34403788986,24002.200311671175
Prevalence,North-West,Both,50-54 years,HIV/AIDS,Number,2012,31679.824759008272,37631.29510353436,25973.446775986118
Prevalence,North-West,Both,50-54 years,HIV/AIDS,Number,2013,33652.08310175966,39553.5757337567,27998.53744949688
Prevalence,North-West,Both,50-54 years,HIV/AIDS,Number,2014,35677.92487038177,41438.561636360195,29903.083941980796
Prevalence,North-West,Both,50-54 years,HIV/AIDS,Number,2015,37695.37198907663,43589.12052445254,31923.369340961843
Prevalence,North-West,Both,50-54 years,HIV/AIDS,Number,2016,39639.07205878386,45727.053098299475,33557.65998345438
Prevalence,North-West,Both,50-54 years,HIV/AIDS,Number,2017,41523.86827551648,47624.23840422842,35421.97205570878
Prevalence,North-West,Both,50-54 years,HIV/AIDS,Number,2018,43408.979331496834,49798.09763280743,37272.49119325063
Prevalence,North-West,Both,50-54 years,HIV/AIDS,Number,2019,45223.73373356621,51868.29381468515,38980.40268042139
Prevalence,North-West,Both,55-59 years,HIV/AIDS,Number,1990,265.61540306434557,454.9419806346518,146.69361763689074
Prevalence,North-West,Both,55-59 years,HIV/AIDS,Number,1991,425.154321331647,731.049091597402,229.0604602188479
Prevalence,North-West,Both,55-59 years,HIV/AIDS,Number,1992,665.9534094778581,1099.491138386135,361.8477376111236
Prevalence,North-West,Both,55-59 years,HIV/AIDS,Number,1993,1019.6311382539574,1658.984821585936,565.6958284701939
Prevalence,North-West,Both,55-59 years,HIV/AIDS,Number,1994,1509.2125288862642,2392.1435895037225,848.1550175664428
Prevalence,North-West,Both,55-59 years,HIV/AIDS,Number,1995,2149.9915435833996,3323.1132841865906,1273.8026660120195
Prevalence,North-West,Both,55-59 years,HIV/AIDS,Number,1996,2971.6998708501405,4412.038960661672,1834.8447376830609
Prevalence,North-West,Both,55-59 years,HIV/AIDS,Number,1997,3955.2080915847655,5805.630668744932,2568.274655385294
Prevalence,North-West,Both,55-59 years,HIV/AIDS,Number,1998,5026.25890187248,7211.872651035206,3309.5918513120973
Prevalence,North-West,Both,55-59 years,HIV/AIDS,Number,1999,6095.764804256736,8645.625405512454,4118.027710278988
Prevalence,North-West,Both,55-59 years,HIV/AIDS,Number,2000,7091.16433777798,10016.927619167189,4822.638219623742
Prevalence,North-West,Both,55-59 years,HIV/AIDS,Number,2001,8207.74332237105,11409.901189633309,5689.384091530201
Prevalence,North-West,Both,55-59 years,HIV/AIDS,Number,2002,9123.238429695726,12571.498940745149,6228.868887749307
Prevalence,North-West,Both,55-59 years,HIV/AIDS,Number,2003,9937.624228637,13648.201058966151,6846.335503194295
Prevalence,North-West,Both,55-59 years,HIV/AIDS,Number,2004,10693.751934747994,14501.552913393414,7398.224529205007
Prevalence,North-West,Both,55-59 years,HIV/AIDS,Number,2005,11422.02079824768,15443.40285294692,7898.860823894983
Prevalence,North-West,Both,55-59 years,HIV/AIDS,Number,2006,12015.659189914068,16155.58864320472,8420.14069853709
Prevalence,North-West,Both,55-59 years,HIV/AIDS,Number,2007,12779.228857604763,16947.927515764346,9089.673722452953
Prevalence,North-West,Both,55-59 years,HIV/AIDS,Number,2008,13675.227092535233,17933.650850917347,9916.853656201021
Prevalence,North-West,Both,55-59 years,HIV/AIDS,Number,2009,14751.154567143314,19110.625356464647,11066.424706851103
Prevalence,North-West,Both,55-59 years,HIV/AIDS,Number,2010,16069.333060617244,20562.958522320747,12253.064664460706
Prevalence,North-West,Both,55-59 years,HIV/AIDS,Number,2011,17582.75120906032,22084.748539439697,13532.86127736113
Prevalence,North-West,Both,55-59 years,HIV/AIDS,Number,2012,19259.535520677317,23705.188940594202,15119.223685335179
Prevalence,North-West,Both,55-59 years,HIV/AIDS,Number,2013,21057.7632979348,25584.294054265818,16750.689751607275
Prevalence,North-West,Both,55-59 years,HIV/AIDS,Number,2014,22900.84193187701,27502.654967894145,18445.078102632167
Prevalence,North-West,Both,55-59 years,HIV/AIDS,Number,2015,24726.81316620747,29571.872111442415,20127.568693079214
Prevalence,North-West,Both,55-59 years,HIV/AIDS,Number,2016,26485.432135854757,31445.337149283965,21819.626897816303
Prevalence,North-West,Both,55-59 years,HIV/AIDS,Number,2017,28178.513365146504,33314.03190856279,23375.7342309398
Prevalence,North-West,Both,55-59 years,HIV/AIDS,Number,2018,29863.46182257111,35258.19369411756,25056.480172165626
Prevalence,North-West,Both,55-59 years,HIV/AIDS,Number,2019,31529.96973607813,37033.34187487618,26571.896672830702
Prevalence,North-West,Both,15-49 years,HIV/AIDS,Number,1990,14353.821502785846,24645.597082910237,7618.570685998763
Prevalence,North-West,Both,15-49 years,HIV/AIDS,Number,1991,22932.88641030394,39598.98841142295,12207.320146311165
Prevalence,North-West,Both,15-49 years,HIV/AIDS,Number,1992,35615.045606511296,60175.77410215415,18726.351096921095
Prevalence,North-West,Both,15-49 years,HIV/AIDS,Number,1993,53373.83004837473,87557.1131386505,28839.308134654606
Prevalence,North-West,Both,15-49 years,HIV/AIDS,Number,1994,76806.34919248467,119462.91126813204,42974.98009429586
Prevalence,North-West,Both,15-49 years,HIV/AIDS,Number,1995,105857.86279712667,157033.7713136066,63117.82372400228
Prevalence,North-West,Both,15-49 years,HIV/AIDS,Number,1996,139802.9783137881,196460.95751309846,88743.07637899509
Prevalence,North-West,Both,15-49 years,HIV/AIDS,Number,1997,177160.5456172313,240742.59934051524,120032.2490753605
Prevalence,North-West,Both,15-49 years,HIV/AIDS,Number,1998,215149.04569614067,283061.10098491213,151638.7081416901
Prevalence,North-West,Both,15-49 years,HIV/AIDS,Number,1999,251164.85372560006,320937.0712164196,182135.6496470282
Prevalence,North-West,Both,15-49 years,HIV/AIDS,Number,2000,283002.11256465747,355979.77226479707,213455.66358825978
Prevalence,North-West,Both,15-49 years,HIV/AIDS,Number,2001,309433.0699878552,384311.84907254763,239909.32147580836
Prevalence,North-West,Both,15-49 years,HIV/AIDS,Number,2002,329454.06894995546,402294.75769385527,258596.79904435395
Prevalence,North-West,Both,15-49 years,HIV/AIDS,Number,2003,343345.9738949636,414667.5356905748,275632.97202909307
Prevalence,North-West,Both,15-49 years,HIV/AIDS,Number,2004,351926.9009271276,421681.65469679434,286656.15174054686
Prevalence,North-West,Both,15-49 years,HIV/AIDS,Number,2005,356277.88146846404,422949.31276933645,293493.6691469358
Prevalence,North-West,Both,15-49 years,HIV/AIDS,Number,2006,357644.106955886,421754.22678616975,299378.4856243233
Prevalence,North-West,Both,15-49 years,HIV/AIDS,Number,2007,357169.9998106917,418000.08644236403,301885.4795385028
Prevalence,North-West,Both,15-49 years,HIV/AIDS,Number,2008,356535.1943347998,413883.0307922274,304088.2390867209
Prevalence,North-West,Both,15-49 years,HIV/AIDS,Number,2009,357266.5174306035,413224.70167160983,306319.5926513293
Prevalence,North-West,Both,15-49 years,HIV/AIDS,Number,2010,359109.72774186084,413200.4023117515,311982.9355303854
Prevalence,North-West,Both,15-49 years,HIV/AIDS,Number,2011,361888.57858704554,413843.4721742315,315796.3242399216
Prevalence,North-West,Both,15-49 years,HIV/AIDS,Number,2012,365136.07241643564,415806.1584044682,321075.9027514491
Prevalence,North-West,Both,15-49 years,HIV/AIDS,Number,2013,369643.5281262544,419326.7841651877,325908.33913262084
Prevalence,North-West,Both,15-49 years,HIV/AIDS,Number,2014,373389.15884804534,423178.9033026185,327857.8734949224
Prevalence,North-West,Both,15-49 years,HIV/AIDS,Number,2015,375730.60384734045,426516.69132891105,329576.6218748012
Prevalence,North-West,Both,15-49 years,HIV/AIDS,Number,2016,376599.7841168286,429074.3503938754,328594.7123992672
Prevalence,North-West,Both,15-49 years,HIV/AIDS,Number,2017,375959.07156397786,429086.0904182083,326008.64180407935
Prevalence,North-West,Both,15-49 years,HIV/AIDS,Number,2018,373545.78344957274,427542.61131901265,321065.8721462451
Prevalence,North-West,Both,15-49 years,HIV/AIDS,Number,2019,367950.0452752683,426442.28356650507,312428.5709042632
Prevalence,Gauteng,Both,50-54 years,HIV/AIDS,Number,1990,620.6651167763736,875.0900797325048,435.29480847561115
Prevalence,Gauteng,Both,50-54 years,HIV/AIDS,Number,1991,1081.290958434981,1505.8852373191353,759.8539510015091
Prevalence,Gauteng,Both,50-54 years,HIV/AIDS,Number,1992,1879.2603441319914,2632.541573732193,1327.0392743148975
Prevalence,Gauteng,Both,50-54 years,HIV/AIDS,Number,1993,3176.138858953745,4495.832818355562,2211.804939461876
Prevalence,Gauteng,Both,50-54 years,HIV/AIDS,Number,1994,5132.244907801263,7275.298306116314,3592.546517217143
Prevalence,Gauteng,Both,50-54 years,HIV/AIDS,Number,1995,7798.395589834844,10951.590441135655,5428.372856167588
Prevalence,Gauteng,Both,50-54 years,HIV/AIDS,Number,1996,11466.83363475835,15905.978039906453,8118.331630440762
Prevalence,Gauteng,Both,50-54 years,HIV/AIDS,Number,1997,15755.2746937189,21943.680243831543,11317.336840522072
Prevalence,Gauteng,Both,50-54 years,HIV/AIDS,Number,1998,20594.75479643767,28474.77925891921,14946.22497866746
Prevalence,Gauteng,Both,50-54 years,HIV/AIDS,Number,1999,25755.805958828576,34787.553589594114,18630.66072220309
Prevalence,Gauteng,Both,50-54 years,HIV/AIDS,Number,2000,30962.31965062153,41096.03119157576,22772.72777520723
Prevalence,Gauteng,Both,50-54 years,HIV/AIDS,Number,2001,34854.17218769366,45230.12088308868,25905.029125568923
Prevalence,Gauteng,Both,50-54 years,HIV/AIDS,Number,2002,38837.74313552826,49737.49422063226,28476.652639420106
Prevalence,Gauteng,Both,50-54 years,HIV/AIDS,Number,2003,42832.3465607601,54512.7184148156,31224.340526825796
Prevalence,Gauteng,Both,50-54 years,HIV/AIDS,Number,2004,46865.87273360628,59967.71744014008,34257.46128235304
Prevalence,Gauteng,Both,50-54 years,HIV/AIDS,Number,2005,51121.64891427427,65171.97727046996,37198.54013457299
Prevalence,Gauteng,Both,50-54 years,HIV/AIDS,Number,2006,56093.186679621715,71708.53045617037,40870.625198894806
Prevalence,Gauteng,Both,50-54 years,HIV/AIDS,Number,2007,61113.881230426705,77503.3802407013,46079.84186004086
Prevalence,Gauteng,Both,50-54 years,HIV/AIDS,Number,2008,66249.73383965647,83285.49860323116,51039.64685376792
Prevalence,Gauteng,Both,50-54 years,HIV/AIDS,Number,2009,71747.35186439926,89424.69406507652,56030.62235520856
Prevalence,Gauteng,Both,50-54 years,HIV/AIDS,Number,2010,77732.05117671755,95588.34295096467,61228.810893033326
Prevalence,Gauteng,Both,50-54 years,HIV/AIDS,Number,2011,84195.84934146272,102267.65632997679,67237.62414394498
Prevalence,Gauteng,Both,50-54 years,HIV/AIDS,Number,2012,91485.85487203422,109397.98935986072,74443.55820096051
Prevalence,Gauteng,Both,50-54 years,HIV/AIDS,Number,2013,99637.80930922735,117361.5137544599,82859.32675133136
Prevalence,Gauteng,Both,50-54 years,HIV/AIDS,Number,2014,108498.07635493591,126397.4099107945,91521.73724391633
Prevalence,Gauteng,Both,50-54 years,HIV/AIDS,Number,2015,117852.77880284167,135501.69133728807,100402.50936956101
Prevalence,Gauteng,Both,50-54 years,HIV/AIDS,Number,2016,127424.43235278029,145546.60223029536,109240.3085180426
Prevalence,Gauteng,Both,50-54 years,HIV/AIDS,Number,2017,137114.4630130554,156308.22665553904,118192.66182308653
Prevalence,Gauteng,Both,50-54 years,HIV/AIDS,Number,2018,147412.2724619394,167550.10473134043,127111.03426682822
Prevalence,Gauteng,Both,50-54 years,HIV/AIDS,Number,2019,158459.85799852348,179580.47409619024,136687.10394663183
Prevalence,Gauteng,Both,55-59 years,HIV/AIDS,Number,1990,357.941237446914,502.2860451371508,253.0043292728775
Prevalence,Gauteng,Both,55-59 years,HIV/AIDS,Number,1991,615.3622490673064,852.29349823653,436.90769151493464
Prevalence,Gauteng,Both,55-59 years,HIV/AIDS,Number,1992,1042.871487701297,1453.0854689876865,738.9137964202714
Prevalence,Gauteng,Both,55-59 years,HIV/AIDS,Number,1993,1744.8811013591317,2473.022893496337,1221.9289144605787
Prevalence,Gauteng,Both,55-59 years,HIV/AIDS,Number,1994,2829.2623638145396,3972.9816812177296,1983.1534873480346
Prevalence,Gauteng,Both,55-59 years,HIV/AIDS,Number,1995,4365.470515205993,6099.12806237106,3091.7181281369208
Prevalence,Gauteng,Both,55-59 years,HIV/AIDS,Number,1996,6391.040929671261,8829.48278410368,4539.085216593076
Prevalence,Gauteng,Both,55-59 years,HIV/AIDS,Number,1997,8873.435687632107,12275.667889243656,6378.506121567464
Prevalence,Gauteng,Both,55-59 years,HIV/AIDS,Number,1998,11614.528694775663,15958.843559116727,8430.196241441785
Prevalence,Gauteng,Both,55-59 years,HIV/AIDS,Number,1999,14364.923266947584,19433.287237542332,10368.440728875112
Prevalence,Gauteng,Both,55-59 years,HIV/AIDS,Number,2000,16864.658014526805,22587.715693884715,12276.306249718364
Prevalence,Gauteng,Both,55-59 years,HIV/AIDS,Number,2001,19632.630333059074,26142.69219346899,14195.728271667493
Prevalence,Gauteng,Both,55-59 years,HIV/AIDS,Number,2002,21951.533516556978,29076.05005529231,15950.111077724263
Prevalence,Gauteng,Both,55-59 years,HIV/AIDS,Number,2003,24093.07678848134,31908.27340712545,17149.623673801398
Prevalence,Gauteng,Both,55-59 years,HIV/AIDS,Number,2004,26169.003192114636,35093.297832733544,18517.507507166774
Prevalence,Gauteng,Both,55-59 years,HIV/AIDS,Number,2005,28289.19850721075,37807.52806981879,19783.594631876582
Prevalence,Gauteng,Both,55-59 years,HIV/AIDS,Number,2006,29687.504648227776,39862.70873935984,20436.882928763353
Prevalence,Gauteng,Both,55-59 years,HIV/AIDS,Number,2007,31745.507625847884,42402.1788908325,22541.765414802976
Prevalence,Gauteng,Both,55-59 years,HIV/AIDS,Number,2008,34400.87550904152,45515.80927642271,25131.860868549804
Prevalence,Gauteng,Both,55-59 years,HIV/AIDS,Number,2009,37755.03196178797,49246.79813489334,28045.46843458802
Prevalence,Gauteng,Both,55-59 years,HIV/AIDS,Number,2010,41939.74317394928,53950.616889045596,31726.601990924173
Prevalence,Gauteng,Both,55-59 years,HIV/AIDS,Number,2011,47138.22539720812,59882.42710075356,35793.85788608652
Prevalence,Gauteng,Both,55-59 years,HIV/AIDS,Number,2012,52783.87140217038,66196.53717274616,40435.653178742956
Prevalence,Gauteng,Both,55-59 years,HIV/AIDS,Number,2013,58880.80436525771,72821.99847230906,45915.717730789096
Prevalence,Gauteng,Both,55-59 years,HIV/AIDS,Number,2014,65323.666208790404,79850.16488039427,51631.8932122915
Prevalence,Gauteng,Both,55-59 years,HIV/AIDS,Number,2015,71973.20466076901,87098.6564167795,57147.96863705899
Prevalence,Gauteng,Both,55-59 years,HIV/AIDS,Number,2016,78705.78365215502,94348.71763056183,63230.7940207857
Prevalence,Gauteng,Both,55-59 years,HIV/AIDS,Number,2017,85610.4369238439,101735.3770990294,69862.12875651928
Prevalence,Gauteng,Both,55-59 years,HIV/AIDS,Number,2018,92993.85131053092,109203.84218292542,77018.44128215498
Prevalence,Gauteng,Both,55-59 years,HIV/AIDS,Number,2019,100983.95003824112,117669.39761703757,85025.7527436578
Prevalence,Gauteng,Both,15-49 years,HIV/AIDS,Number,1990,19998.424646651216,27773.318446746543,14492.322896724208
Prevalence,Gauteng,Both,15-49 years,HIV/AIDS,Number,1991,34939.05933956635,47589.4227031129,25713.902809212577
Prevalence,Gauteng,Both,15-49 years,HIV/AIDS,Number,1992,59525.906553900015,80282.11649723107,43675.20486802308
Prevalence,Gauteng,Both,15-49 years,HIV/AIDS,Number,1993,98809.33055201932,133816.21141528612,72349.19445190812
Prevalence,Gauteng,Both,15-49 years,HIV/AIDS,Number,1994,157911.81439467083,211340.73704890732,115719.6621121759
Prevalence,Gauteng,Both,15-49 years,HIV/AIDS,Number,1995,239495.40830194554,311729.9623524357,179457.17373707893
Prevalence,Gauteng,Both,15-49 years,HIV/AIDS,Number,1996,341207.10267194116,432563.87596146116,264501.9212984013
Prevalence,Gauteng,Both,15-49 years,HIV/AIDS,Number,1997,455498.82824034884,560568.6353438527,365988.97745714785
Prevalence,Gauteng,Both,15-49 years,HIV/AIDS,Number,1998,571125.0700112784,678387.6175736977,472798.80759264715
Prevalence,Gauteng,Both,15-49 years,HIV/AIDS,Number,1999,679227.4867725563,792936.7231518814,574039.9645594134
Prevalence,Gauteng,Both,15-49 years,HIV/AIDS,Number,2000,774735.5371358015,887394.6293864951,662732.5380071678
Prevalence,Gauteng,Both,15-49 years,HIV/AIDS,Number,2001,855925.9253698596,971122.2138085328,739062.9245011087
Prevalence,Gauteng,Both,15-49 years,HIV/AIDS,Number,2002,921590.7788007245,1039129.9105679702,801538.311657854
Prevalence,Gauteng,Both,15-49 years,HIV/AIDS,Number,2003,972911.3858200889,1093324.4219024044,854204.731562795
Prevalence,Gauteng,Both,15-49 years,HIV/AIDS,Number,2004,1012890.9098933792,1132127.204384476,892419.8619091347
Prevalence,Gauteng,Both,15-49 years,HIV/AIDS,Number,2005,1044685.0638901106,1166184.7225979671,919341.0714945514
Prevalence,Gauteng,Both,15-49 years,HIV/AIDS,Number,2006,1070377.495045022,1197949.0340472758,946785.7585766059
Prevalence,Gauteng,Both,15-49 years,HIV/AIDS,Number,2007,1092787.990711874,1223994.3538262623,966624.4913142187
Prevalence,Gauteng,Both,15-49 years,HIV/AIDS,Number,2008,1116796.8808198716,1254346.656214434,991279.010012672
Prevalence,Gauteng,Both,15-49 years,HIV/AIDS,Number,2009,1145198.3465448315,1289970.0618210644,1017762.5333380745
Prevalence,Gauteng,Both,15-49 years,HIV/AIDS,Number,2010,1179018.6008572306,1322933.7951132203,1044361.574630186
Prevalence,Gauteng,Both,15-49 years,HIV/AIDS,Number,2011,1215486.160287347,1358166.1208606155,1084563.8639109835
Prevalence,Gauteng,Both,15-49 years,HIV/AIDS,Number,2012,1253092.1729441588,1398592.3730627717,1120448.35034026
Prevalence,Gauteng,Both,15-49 years,HIV/AIDS,Number,2013,1295068.8871828855,1440957.5991792695,1156180.9072784246
Prevalence,Gauteng,Both,15-49 years,HIV/AIDS,Number,2014,1335279.5612711618,1493168.353493866,1195826.3731285576
Prevalence,Gauteng,Both,15-49 years,HIV/AIDS,Number,2015,1371548.65406251,1534852.5490407192,1226041.5751858177
Prevalence,Gauteng,Both,15-49 years,HIV/AIDS,Number,2016,1402478.3569475557,1582724.3357890826,1243992.5025363152
Prevalence,Gauteng,Both,15-49 years,HIV/AIDS,Number,2017,1427563.485035599,1620784.0764302702,1255754.0412919223
Prevalence,Gauteng,Both,15-49 years,HIV/AIDS,Number,2018,1448406.6111322574,1656987.9105902791,1266730.1483621877
Prevalence,Gauteng,Both,15-49 years,HIV/AIDS,Number,2019,1461737.9961996882,1694502.3052876992,1262599.798224808
Prevalence,Free State,Both,50-54 years,HIV/AIDS,Number,1990,327.55781849954695,528.3762338691168,204.2507947060092
Prevalence,Free State,Both,50-54 years,HIV/AIDS,Number,1991,543.745535377434,887.193888190779,334.81817290076043
Prevalence,Free State,Both,50-54 years,HIV/AIDS,Number,1992,909.023290376619,1432.4643790514083,562.225062244025
Prevalence,Free State,Both,50-54 years,HIV/AIDS,Number,1993,1469.527434982569,2317.2030159960213,923.4506871701886
Prevalence,Free State,Both,50-54 years,HIV/AIDS,Number,1994,2258.5346866890627,3446.0685494123154,1432.4383978664641
Prevalence,Free State,Both,50-54 years,HIV/AIDS,Number,1995,3273.210194906781,4889.397701304466,2129.422744317956
Prevalence,Free State,Both,50-54 years,HIV/AIDS,Number,1996,4635.273724167437,6990.6880709407515,3057.8986770417073
Prevalence,Free State,Both,50-54 years,HIV/AIDS,Number,1997,6142.148753991027,8979.51751928847,4114.587708814763
Prevalence,Free State,Both,50-54 years,HIV/AIDS,Number,1998,7773.385429619814,10890.233114563498,5245.796178019475
Prevalence,Free State,Both,50-54 years,HIV/AIDS,Number,1999,9400.311741954732,12825.93928339886,6470.431522579682
Prevalence,Free State,Both,50-54 years,HIV/AIDS,Number,2000,10969.215826429143,14827.110114366851,7804.401443688123
Prevalence,Free State,Both,50-54 years,HIV/AIDS,Number,2001,12252.86830366371,16351.667487155299,8798.486385641776
Prevalence,Free State,Both,50-54 years,HIV/AIDS,Number,2002,13505.272332437653,18015.608173825953,9867.381525801002
Prevalence,Free State,Both,50-54 years,HIV/AIDS,Number,2003,14636.287376669425,19275.12578398114,10715.319279029925
Prevalence,Free State,Both,50-54 years,HIV/AIDS,Number,2004,15672.54707024978,20529.94351907571,11631.49552554597
Prevalence,Free State,Both,50-54 years,HIV/AIDS,Number,2005,16722.899585568557,21920.186458627388,12441.131557281604
Prevalence,Free State,Both,50-54 years,HIV/AIDS,Number,2006,17866.16818675918,23157.731518958542,13178.06167394364
Prevalence,Free State,Both,50-54 years,HIV/AIDS,Number,2007,19205.991096520404,24553.88144992059,13940.106524995555
Prevalence,Free State,Both,50-54 years,HIV/AIDS,Number,2008,20676.22052106763,25973.310714560354,16240.540463224372
Prevalence,Free State,Both,50-54 years,HIV/AIDS,Number,2009,22260.7686417036,27701.674397077775,17634.754450328866
Prevalence,Free State,Both,50-54 years,HIV/AIDS,Number,2010,24032.29289221132,29390.258543070875,19494.539322031305
Prevalence,Free State,Both,50-54 years,HIV/AIDS,Number,2011,25990.80216145837,31348.3843557368,21405.510169257268
Prevalence,Free State,Both,50-54 years,HIV/AIDS,Number,2012,28232.10275530407,33487.386807456875,23541.40780119789
Prevalence,Free State,Both,50-54 years,HIV/AIDS,Number,2013,30743.687633016398,36012.9070555598,25978.184916344013
Prevalence,Free State,Both,50-54 years,HIV/AIDS,Number,2014,33418.57058741469,38726.269120404555,28535.962104599756
Prevalence,Free State,Both,50-54 years,HIV/AIDS,Number,2015,36146.613107857556,41427.166401033835,30967.01589373876
Prevalence,Free State,Both,50-54 years,HIV/AIDS,Number,2016,38801.17643829599,44325.58720784017,33432.92963598267
Prevalence,Free State,Both,50-54 years,HIV/AIDS,Number,2017,41299.6172401834,46984.16370823547,35628.14733432511
Prevalence,Free State,Both,50-54 years,HIV/AIDS,Number,2018,43769.127428913656,49839.1366924248,37814.31182893815
Prevalence,Free State,Both,50-54 years,HIV/AIDS,Number,2019,46208.775812249405,52442.2500184447,39893.16650008493
Prevalence,Free State,Both,55-59 years,HIV/AIDS,Number,1990,194.79514143843983,314.0737809336539,121.19855211707107
Prevalence,Free State,Both,55-59 years,HIV/AIDS,Number,1991,320.77538424709485,522.5316129343341,198.87567157537572
Prevalence,Free State,Both,55-59 years,HIV/AIDS,Number,1992,525.8007809179086,826.8517332909827,325.6407309623899
Prevalence,Free State,Both,55-59 years,HIV/AIDS,Number,1993,843.9159728436147,1311.415110544267,533.0113226337135
Prevalence,Free State,Both,55-59 years,HIV/AIDS,Number,1994,1302.3045543525718,1965.3584326270775,829.8430717183068
Prevalence,Free State,Both,55-59 years,HIV/AIDS,Number,1995,1915.0262735946035,2842.073594317285,1243.269888917654
Prevalence,Free State,Both,55-59 years,HIV/AIDS,Number,1996,2701.3987216523474,4016.3301830549526,1780.339472587919
Prevalence,Free State,Both,55-59 years,HIV/AIDS,Number,1997,3631.0720003137326,5213.805760942862,2445.711351190922
Prevalence,Free State,Both,55-59 years,HIV/AIDS,Number,1998,4621.313334254284,6540.010479732942,3122.965930698463
Prevalence,Free State,Both,55-59 years,HIV/AIDS,Number,1999,5575.064204916564,7687.784146224638,3804.608839012421
Prevalence,Free State,Both,55-59 years,HIV/AIDS,Number,2000,6427.417146641802,8768.796308395611,4516.313632488562
Prevalence,Free State,Both,55-59 years,HIV/AIDS,Number,2001,7370.391209121701,10010.27497990515,5232.427453892253
Prevalence,Free State,Both,55-59 years,HIV/AIDS,Number,2002,8139.907529405878,11095.497461558989,5823.237473310506
Prevalence,Free State,Both,55-59 years,HIV/AIDS,Number,2003,8842.336139670559,12054.913014035415,6340.607532457305
Prevalence,Free State,Both,55-59 years,HIV/AIDS,Number,2004,9497.17989374198,12929.494510925771,6793.110748522077
Prevalence,Free State,Both,55-59 years,HIV/AIDS,Number,2005,10139.164205334675,13798.348242123331,7210.154225986784
Prevalence,Free State,Both,55-59 years,HIV/AIDS,Number,2006,10692.977872203239,14408.794172273934,7492.730128205935
Prevalence,Free State,Both,55-59 years,HIV/AIDS,Number,2007,11410.439783270027,15252.80162743551,7986.521091993697
Prevalence,Free State,Both,55-59 years,HIV/AIDS,Number,2008,12236.253138020276,16103.554617411231,8972.643759114824
Prevalence,Free State,Both,55-59 years,HIV/AIDS,Number,2009,13201.233795178581,17087.242766007843,9955.917823250516
Prevalence,Free State,Both,55-59 years,HIV/AIDS,Number,2010,14391.920851793906,18295.857930070488,11188.76543336332
Prevalence,Free State,Both,55-59 years,HIV/AIDS,Number,2011,15767.252062422864,19637.15274159225,12484.077517724138
Prevalence,Free State,Both,55-59 years,HIV/AIDS,Number,2012,17402.8609597194,21333.458809411994,13940.49822180268
Prevalence,Free State,Both,55-59 years,HIV/AIDS,Number,2013,19277.239978928417,23477.14299434035,15645.061030238
Prevalence,Free State,Both,55-59 years,HIV/AIDS,Number,2014,21308.642614072527,25617.251947471235,17460.2038572157
Prevalence,Free State,Both,55-59 years,HIV/AIDS,Number,2015,23424.18578989006,28016.762927274693,19309.78825170301
Prevalence,Free State,Both,55-59 years,HIV/AIDS,Number,2016,25565.317365445742,30237.237195304027,21238.81701515565
Prevalence,Free State,Both,55-59 years,HIV/AIDS,Number,2017,27734.682299513486,32454.62922327582,23225.46676313908
Prevalence,Free State,Both,55-59 years,HIV/AIDS,Number,2018,30002.179553408183,34834.63854167898,25286.779064146718
Prevalence,Free State,Both,55-59 years,HIV/AIDS,Number,2019,32360.35841662959,37390.28623124007,27531.589001259967
Prevalence,Western Cape,Both,15-49 years,HIV/AIDS,Number,1990,1837.8694626755928,3745.7641138026715,1058.6871281163865
Prevalence,Western Cape,Both,15-49 years,HIV/AIDS,Number,1991,2930.1486607675192,5880.938769675203,1623.9419060494413
Prevalence,Western Cape,Both,15-49 years,HIV/AIDS,Number,1992,4807.062184396925,9045.789824252015,2681.807164462367
Prevalence,Western Cape,Both,15-49 years,HIV/AIDS,Number,1993,7778.68922647063,13947.97382169646,4426.308110580094
Prevalence,Western Cape,Both,15-49 years,HIV/AIDS,Number,1994,12255.277413349468,21140.440168138226,7095.488920272177
Prevalence,Western Cape,Both,15-49 years,HIV/AIDS,Number,1995,18710.590512160772,31113.193183539337,10994.780540008034
Prevalence,Western Cape,Both,15-49 years,HIV/AIDS,Number,1996,27816.253536793894,44203.55391887419,17016.57569563631
Prevalence,Western Cape,Both,15-49 years,HIV/AIDS,Number,1997,39929.92331167035,60404.11882152941,25907.812645100308
Prevalence,Western Cape,Both,15-49 years,HIV/AIDS,Number,1998,54654.69973579288,78355.46686082771,36975.2265407911
Prevalence,Western Cape,Both,15-49 years,HIV/AIDS,Number,1999,71208.37606686821,97550.0339416671,50679.1851137259
Prevalence,Western Cape,Both,15-49 years,HIV/AIDS,Number,2000,88505.21982126698,118901.81896976489,64161.43183294017
Prevalence,Western Cape,Both,15-49 years,HIV/AIDS,Number,2001,105562.77242106298,139645.01420727372,77643.11025398341
Prevalence,Western Cape,Both,15-49 years,HIV/AIDS,Number,2002,121892.87942892876,158880.6030335252,90282.30101820042
Prevalence,Western Cape,Both,15-49 years,HIV/AIDS,Number,2003,136807.26591604488,176526.8216831894,102282.7278439146
Prevalence,Western Cape,Both,15-49 years,HIV/AIDS,Number,2004,150118.04054288912,193559.00589956917,112677.55684508155
Prevalence,Western Cape,Both,15-49 years,HIV/AIDS,Number,2005,161865.49141608042,208446.00835277166,121884.21107489074
Prevalence,Western Cape,Both,15-49 years,HIV/AIDS,Number,2006,172533.89301509835,221112.37603076527,129759.54706806502
Prevalence,Western Cape,Both,15-49 years,HIV/AIDS,Number,2007,182818.61547578455,233400.66218438518,136972.37975530088
Prevalence,Western Cape,Both,15-49 years,HIV/AIDS,Number,2008,193868.48169890826,246478.60141541724,145687.0657063887
Prevalence,Western Cape,Both,15-49 years,HIV/AIDS,Number,2009,206357.09549743103,262353.4741674407,156512.0159654304
Prevalence,Western Cape,Both,15-49 years,HIV/AIDS,Number,2010,220175.5543022902,280038.93897692795,166533.14309979952
Prevalence,Western Cape,Both,15-49 years,HIV/AIDS,Number,2011,235709.63341323822,298942.8087663518,179187.24024069964
Prevalence,Western Cape,Both,15-49 years,HIV/AIDS,Number,2012,252249.7257939005,320622.64732318197,193496.4237010528
Prevalence,Western Cape,Both,15-49 years,HIV/AIDS,Number,2013,270153.55545810185,340766.88773228676,208455.0855425989
Prevalence,Western Cape,Both,15-49 years,HIV/AIDS,Number,2014,288611.41467792034,367560.79658416513,223769.4788239819
Prevalence,Western Cape,Both,15-49 years,HIV/AIDS,Number,2015,306951.6678967054,390038.75918575784,238413.59111492732
Prevalence,Western Cape,Both,15-49 years,HIV/AIDS,Number,2016,324886.43501146423,412844.81593095587,252073.7378376896
Prevalence,Western Cape,Both,15-49 years,HIV/AIDS,Number,2017,342416.07104497147,439436.25556638127,264170.27782401734
Prevalence,Western Cape,Both,15-49 years,HIV/AIDS,Number,2018,359840.1562109563,466159.61621879763,275214.41690993105
Prevalence,Western Cape,Both,15-49 years,HIV/AIDS,Number,2019,377712.5403008685,495636.762429159,286048.14491382544
Prevalence,Northern Cape,Both,50-54 years,HIV/AIDS,Number,1990,65.28985693931382,129.51219043273062,35.53135541349447
Prevalence,Northern Cape,Both,50-54 years,HIV/AIDS,Number,1991,101.31052824157148,202.1862602560941,53.88187258367906
Prevalence,Northern Cape,Both,50-54 years,HIV/AIDS,Number,1992,158.86614181224593,302.41422222522596,85.77888958340114
Prevalence,Northern Cape,Both,50-54 years,HIV/AIDS,Number,1993,241.97482420352563,434.9849277948486,133.9916726805619
Prevalence,Northern Cape,Both,50-54 years,HIV/AIDS,Number,1994,352.92591268633896,602.7707672343732,203.63817458117066
Prevalence,Northern Cape,Both,50-54 years,HIV/AIDS,Number,1995,489.52696725789644,807.4876536038655,290.7949120081636
Prevalence,Northern Cape,Both,50-54 years,HIV/AIDS,Number,1996,669.6217368397796,1062.238992921059,414.7666261484203
Prevalence,Northern Cape,Both,50-54 years,HIV/AIDS,Number,1997,865.0881579519311,1320.7005272644005,553.5468020999774
Prevalence,Northern Cape,Both,50-54 years,HIV/AIDS,Number,1998,1070.9315839629874,1575.6571590042877,706.6264735257072
Prevalence,Northern Cape,Both,50-54 years,HIV/AIDS,Number,1999,1283.069333777838,1856.4879630287405,871.6887619709368
Prevalence,Northern Cape,Both,50-54 years,HIV/AIDS,Number,2000,1497.1958163717277,2170.825291276796,1017.9871184256024
Prevalence,Northern Cape,Both,50-54 years,HIV/AIDS,Number,2001,1703.9436372782664,2455.5820259542093,1143.7438319989174
Prevalence,Northern Cape,Both,50-54 years,HIV/AIDS,Number,2002,1926.9101103036742,2738.234082372974,1296.0907165888775
Prevalence,Northern Cape,Both,50-54 years,HIV/AIDS,Number,2003,2156.651544231401,3031.4897530388967,1477.295103134266
Prevalence,Northern Cape,Both,50-54 years,HIV/AIDS,Number,2004,2396.7827256103296,3351.28340462167,1682.15121021686
Prevalence,Northern Cape,Both,50-54 years,HIV/AIDS,Number,2005,2649.7060745132426,3709.391005288516,1855.3069867357808
Prevalence,Northern Cape,Both,50-54 years,HIV/AIDS,Number,2006,2925.742859771132,4096.916747273407,2026.2774328013616
Prevalence,Northern Cape,Both,50-54 years,HIV/AIDS,Number,2007,3255.5086260573166,4509.503219566095,2178.784761223911
Prevalence,Northern Cape,Both,50-54 years,HIV/AIDS,Number,2008,3684.6661714632332,4972.319836277623,2405.4629069704283
Prevalence,Northern Cape,Both,50-54 years,HIV/AIDS,Number,2009,4199.966883034747,5495.055746610488,2904.5204919996495
Prevalence,Northern Cape,Both,50-54 years,HIV/AIDS,Number,2010,4739.8829261223,6072.630966891951,3494.9541876864146
Prevalence,Northern Cape,Both,50-54 years,HIV/AIDS,Number,2011,5312.139743802612,6741.315249656256,4016.7157808967268
Prevalence,Northern Cape,Both,50-54 years,HIV/AIDS,Number,2012,5946.042327562919,7429.700695001252,4620.127125833884
Prevalence,Northern Cape,Both,50-54 years,HIV/AIDS,Number,2013,6643.590742028811,8154.393446460861,5216.448834629084
Prevalence,Northern Cape,Both,50-54 years,HIV/AIDS,Number,2014,7391.068218649344,9013.444522276332,5815.545227576481
Prevalence,Northern Cape,Both,50-54 years,HIV/AIDS,Number,2015,8175.063186237806,9886.398276333264,6465.492092564223
Prevalence,Northern Cape,Both,50-54 years,HIV/AIDS,Number,2016,8974.408628864832,10735.64559708078,7160.931916699523
Prevalence,Northern Cape,Both,50-54 years,HIV/AIDS,Number,2017,9773.685740347717,11712.28586601303,7853.05848562083
Prevalence,Northern Cape,Both,50-54 years,HIV/AIDS,Number,2018,10604.710877815798,12707.890869783201,8599.212608029069
Prevalence,Northern Cape,Both,50-54 years,HIV/AIDS,Number,2019,11492.368750528492,13738.076612995003,9348.533027073803
Prevalence,Northern Cape,Both,55-59 years,HIV/AIDS,Number,1990,40.110039138858674,79.09807204094722,21.853025061163393
Prevalence,Northern Cape,Both,55-59 years,HIV/AIDS,Number,1991,62.244287663581225,123.98362158087755,33.143786245029226
Prevalence,Northern Cape,Both,55-59 years,HIV/AIDS,Number,1992,96.25678835313556,182.4487012014236,52.28380286588076
Prevalence,Northern Cape,Both,55-59 years,HIV/AIDS,Number,1993,146.0935678499057,261.91087849531624,80.9104579988793
Prevalence,Northern Cape,Both,55-59 years,HIV/AIDS,Number,1994,214.14173942279623,364.45556540146976,124.36825271214771
Prevalence,Northern Cape,Both,55-59 years,HIV/AIDS,Number,1995,300.9138736797955,494.7162998853075,178.3261661899305
Prevalence,Northern Cape,Both,55-59 years,HIV/AIDS,Number,1996,408.8284171627385,650.4000561657954,253.1885717472959
Prevalence,Northern Cape,Both,55-59 years,HIV/AIDS,Number,1997,533.188194772685,818.707778734971,341.34820579277823
Prevalence,Northern Cape,Both,55-59 years,HIV/AIDS,Number,1998,661.3918097945896,982.9402855658961,435.345712959811
Prevalence,Northern Cape,Both,55-59 years,HIV/AIDS,Number,1999,786.1803050563252,1152.332845233235,533.1884994433098
Prevalence,Northern Cape,Both,55-59 years,HIV/AIDS,Number,2000,901.0981670170443,1316.7929607217654,612.2136996770321
Prevalence,Northern Cape,Both,55-59 years,HIV/AIDS,Number,2001,1039.0805642086025,1514.492826217733,686.6129519939144
Prevalence,Northern Cape,Both,55-59 years,HIV/AIDS,Number,2002,1164.3923033845392,1669.678734447844,773.564347159761
Prevalence,Northern Cape,Both,55-59 years,HIV/AIDS,Number,2003,1291.6539361854987,1859.144142373724,884.9765959631789
Prevalence,Northern Cape,Both,55-59 years,HIV/AIDS,Number,2004,1426.7501039208234,2077.5914379066876,980.1650752236925
Prevalence,Northern Cape,Both,55-59 years,HIV/AIDS,Number,2005,1568.999159569734,2291.8842081237267,1089.195047800888
Prevalence,Northern Cape,Both,55-59 years,HIV/AIDS,Number,2006,1714.2389604120178,2481.401630500984,1174.6933053002035
Prevalence,Northern Cape,Both,55-59 years,HIV/AIDS,Number,2007,1897.8550752940178,2723.1223918215583,1263.6150976478505
Prevalence,Northern Cape,Both,55-59 years,HIV/AIDS,Number,2008,2139.47025187643,2994.315947785226,1361.2443869300205
Prevalence,Northern Cape,Both,55-59 years,HIV/AIDS,Number,2009,2439.8735419278137,3299.4302119036206,1651.0779988434272
Prevalence,Northern Cape,Both,55-59 years,HIV/AIDS,Number,2010,2776.0371542713033,3681.5613845955713,2001.4805197450512
Prevalence,Northern Cape,Both,55-59 years,HIV/AIDS,Number,2011,3147.769472591198,4115.150104448599,2306.612352546805
Prevalence,Northern Cape,Both,55-59 years,HIV/AIDS,Number,2012,3581.47840080681,4627.40768172217,2657.420568283209
Prevalence,Northern Cape,Both,55-59 years,HIV/AIDS,Number,2013,4078.409167318617,5196.623952490235,3059.7231957370395
Prevalence,Northern Cape,Both,55-59 years,HIV/AIDS,Number,2014,4627.052362088239,5822.850149974519,3540.86640854597
Prevalence,Northern Cape,Both,55-59 years,HIV/AIDS,Number,2015,5210.69508905054,6501.370161335416,4017.1625593060908
Prevalence,Northern Cape,Both,55-59 years,HIV/AIDS,Number,2016,5812.1918474549875,7150.7867938194995,4534.048432005569
Prevalence,Northern Cape,Both,55-59 years,HIV/AIDS,Number,2017,6425.108905611183,7871.405056360528,5081.236193226838
Prevalence,Northern Cape,Both,55-59 years,HIV/AIDS,Number,2018,7072.685814200528,8614.476876047505,5635.778185065663
Prevalence,Northern Cape,Both,55-59 years,HIV/AIDS,Number,2019,7778.353189930131,9481.761922538488,6203.095279803411
Prevalence,Northern Cape,Both,15-49 years,HIV/AIDS,Number,1990,1693.7787732396782,3240.010633780819,902.5340695613108
Prevalence,Northern Cape,Both,15-49 years,HIV/AIDS,Number,1991,2632.7618685251523,4804.574093079067,1388.1919077720358
Prevalence,Northern Cape,Both,15-49 years,HIV/AIDS,Number,1992,4061.380381429233,7103.4222060428,2175.644270073768
Prevalence,Northern Cape,Both,15-49 years,HIV/AIDS,Number,1993,6095.258651110791,10254.324145179531,3384.994344005997
Prevalence,Northern Cape,Both,15-49 years,HIV/AIDS,Number,1994,8806.803727100329,14141.999688502612,5086.024365890974
Prevalence,Northern Cape,Both,15-49 years,HIV/AIDS,Number,1995,12176.596944970488,18644.20420284107,7323.151839888776
Prevalence,Northern Cape,Both,15-49 years,HIV/AIDS,Number,1996,16121.860891634577,23393.699961748538,10252.29828180949
Prevalence,Northern Cape,Both,15-49 years,HIV/AIDS,Number,1997,20392.326858563312,28677.90920617342,13479.757556833334
Prevalence,Northern Cape,Both,15-49 years,HIV/AIDS,Number,1998,24610.033381774098,33480.80479625848,16976.876232351777
Prevalence,Northern Cape,Both,15-49 years,HIV/AIDS,Number,1999,28495.890929009864,38425.20133948705,20189.05937008399
Prevalence,Northern Cape,Both,15-49 years,HIV/AIDS,Number,2000,31910.699728120286,42060.6382365026,23151.219778021168
Prevalence,Northern Cape,Both,15-49 years,HIV/AIDS,Number,2001,34910.531013472355,45596.68672774702,25445.4042438136
Prevalence,Northern Cape,Both,15-49 years,HIV/AIDS,Number,2002,37676.89848850924,48221.56813775901,27611.05290069968
Prevalence,Northern Cape,Both,15-49 years,HIV/AIDS,Number,2003,40196.935372362386,50656.06097754485,29675.461324972166
Prevalence,Northern Cape,Both,15-49 years,HIV/AIDS,Number,2004,42494.638792723345,53035.61867501271,31596.60311026835
Prevalence,Northern Cape,Both,15-49 years,HIV/AIDS,Number,2005,44619.007404367454,55340.71862971318,33593.8694548178
Prevalence,Northern Cape,Both,15-49 years,HIV/AIDS,Number,2006,46635.094667981444,57611.170967922335,35264.52982537105
Prevalence,Northern Cape,Both,15-49 years,HIV/AIDS,Number,2007,48736.97821244061,59839.20286117911,36734.95095759773
Prevalence,Northern Cape,Both,15-49 years,HIV/AIDS,Number,2008,51109.51513728207,62306.4610313714,38907.034397825955
Prevalence,Northern Cape,Both,15-49 years,HIV/AIDS,Number,2009,53953.23893587826,65839.66390315279,41210.741995225624
Prevalence,Northern Cape,Both,15-49 years,HIV/AIDS,Number,2010,57236.955442279876,69974.53433023498,43895.76502554222
Prevalence,Northern Cape,Both,15-49 years,HIV/AIDS,Number,2011,61133.525074610814,74837.59089818245,47277.40065376601
Prevalence,Northern Cape,Both,15-49 years,HIV/AIDS,Number,2012,65383.608374889984,79694.1143301415,50694.95420984697
Prevalence,Northern Cape,Both,15-49 years,HIV/AIDS,Number,2013,70094.85159936552,84550.58544259262,53722.49049887621
Prevalence,Northern Cape,Both,15-49 years,HIV/AIDS,Number,2014,74932.45891860643,90323.3250935186,57851.634536996935
Prevalence,Northern Cape,Both,15-49 years,HIV/AIDS,Number,2015,79606.63095143274,97012.68174365109,60819.67938976889
Prevalence,Northern Cape,Both,15-49 years,HIV/AIDS,Number,2016,84008.7887072801,102923.3002539218,63988.21795704113
Prevalence,Northern Cape,Both,15-49 years,HIV/AIDS,Number,2017,88158.31149034947,108125.33194549548,67484.2612213453
Prevalence,Northern Cape,Both,15-49 years,HIV/AIDS,Number,2018,92167.78666289653,113590.76524994509,69269.29237115041
Prevalence,Northern Cape,Both,15-49 years,HIV/AIDS,Number,2019,96017.21473987502,119642.91705406873,71476.6536232037
Prevalence,Mpumalanga,Both,50-54 years,HIV/AIDS,Number,1990,190.534620406283,322.16413891344916,114.50556311279885
Prevalence,Mpumalanga,Both,50-54 years,HIV/AIDS,Number,1991,318.85822406135605,551.2630233922241,183.90895722732705
Prevalence,Mpumalanga,Both,50-54 years,HIV/AIDS,Number,1992,546.0201780798627,928.1064973592593,311.99152576907517
Prevalence,Mpumalanga,Both,50-54 years,HIV/AIDS,Number,1993,913.9479485155412,1506.2385305637704,528.2284684446732
Prevalence,Mpumalanga,Both,50-54 years,HIV/AIDS,Number,1994,1465.9458152874458,2365.5612531534844,872.2109273060554
Prevalence,Mpumalanga,Both,50-54 years,HIV/AIDS,Number,1995,2225.244715665661,3495.612561686128,1367.020856920107
Prevalence,Mpumalanga,Both,50-54 years,HIV/AIDS,Number,1996,3295.3653737634854,4951.031825414603,2103.642087062468
Prevalence,Mpumalanga,Both,50-54 years,HIV/AIDS,Number,1997,4557.598116668567,6653.211437591562,2996.373417539049
Prevalence,Mpumalanga,Both,50-54 years,HIV/AIDS,Number,1998,6014.499837997584,8610.556315850246,4090.792525554879
Prevalence,Mpumalanga,Both,50-54 years,HIV/AIDS,Number,1999,7638.312195002046,10668.679995230616,5371.228536547816
Prevalence,Mpumalanga,Both,50-54 years,HIV/AIDS,Number,2000,9429.945202497162,12781.236713760427,6734.016711404174
Prevalence,Mpumalanga,Both,50-54 years,HIV/AIDS,Number,2001,11244.697769119784,14915.681298097334,8120.971008861217
Prevalence,Mpumalanga,Both,50-54 years,HIV/AIDS,Number,2002,13135.319792981569,17199.73859419096,9621.699033104245
Prevalence,Mpumalanga,Both,50-54 years,HIV/AIDS,Number,2003,15000.010761245747,19428.316806629147,11056.345391224831
Prevalence,Mpumalanga,Both,50-54 years,HIV/AIDS,Number,2004,16837.153321373586,21522.038387751916,12780.776463138742
Prevalence,Mpumalanga,Both,50-54 years,HIV/AIDS,Number,2005,18739.990650250584,23826.88283397314,14218.945701878265
Prevalence,Mpumalanga,Both,50-54 years,HIV/AIDS,Number,2006,20798.332883779072,25975.37662695598,15656.024883353013
Prevalence,Mpumalanga,Both,50-54 years,HIV/AIDS,Number,2007,23181.087001738113,28666.463190619022,17827.604677680094
Prevalence,Mpumalanga,Both,50-54 years,HIV/AIDS,Number,2008,25815.165023084603,31630.955417989582,20589.63252127894
Prevalence,Mpumalanga,Both,50-54 years,HIV/AIDS,Number,2009,28786.95720654315,35056.777899714114,23576.210401713557
Prevalence,Mpumalanga,Both,50-54 years,HIV/AIDS,Number,2010,32128.10336939647,38778.183420610556,26672.477552393626
Prevalence,Mpumalanga,Both,50-54 years,HIV/AIDS,Number,2011,35794.40678837796,42778.44145331061,30050.151073190314
Prevalence,Mpumalanga,Both,50-54 years,HIV/AIDS,Number,2012,39846.56606316174,47254.96314126531,33720.04344287568
Prevalence,Mpumalanga,Both,50-54 years,HIV/AIDS,Number,2013,44259.45977324112,52141.696900760995,37783.594926155485
Prevalence,Mpumalanga,Both,50-54 years,HIV/AIDS,Number,2014,48940.57282232768,57190.116332582285,42093.18661366767
Prevalence,Mpumalanga,Both,50-54 years,HIV/AIDS,Number,2015,53802.2601486096,62641.30202577071,46361.9643897756
Prevalence,Mpumalanga,Both,50-54 years,HIV/AIDS,Number,2016,58712.46198248558,68261.40742616227,50635.187102623495
Prevalence,Mpumalanga,Both,50-54 years,HIV/AIDS,Number,2017,63598.67776075661,73528.3716145863,54916.79514090244
Prevalence,Mpumalanga,Both,50-54 years,HIV/AIDS,Number,2018,68690.51405355596,79035.19820198097,59294.060362723045
Prevalence,Mpumalanga,Both,50-54 years,HIV/AIDS,Number,2019,74045.39248786667,84944.69399206906,63919.46374870373
Prevalence,Mpumalanga,Both,55-59 years,HIV/AIDS,Number,1990,117.78696484112714,199.5768879492014,70.73315569311467
Prevalence,Mpumalanga,Both,55-59 years,HIV/AIDS,Number,1991,194.2244418582098,334.9937419788768,112.41858956450727
Prevalence,Mpumalanga,Both,55-59 years,HIV/AIDS,Number,1992,324.8297447255601,552.5197403771963,187.323682543866
Prevalence,Mpumalanga,Both,55-59 years,HIV/AIDS,Number,1993,538.9846197654082,888.0175923785456,312.02096099864
Prevalence,Mpumalanga,Both,55-59 years,HIV/AIDS,Number,1994,867.6126552757266,1404.5737389774124,511.5152890240322
Prevalence,Mpumalanga,Both,55-59 years,HIV/AIDS,Number,1995,1334.4741033811886,2108.9474462256985,816.6276236587346
Prevalence,Mpumalanga,Both,55-59 years,HIV/AIDS,Number,1996,1963.1393281147255,2962.6882287996737,1252.3450742073571
Prevalence,Mpumalanga,Both,55-59 years,HIV/AIDS,Number,1997,2746.250100520406,4008.98713859365,1816.4981051449422
Prevalence,Mpumalanga,Both,55-59 years,HIV/AIDS,Number,1998,3631.033140467956,5216.445424175402,2480.8369380962504
Prevalence,Mpumalanga,Both,55-59 years,HIV/AIDS,Number,1999,4565.995013039643,6386.921864194217,3203.606748454888
Prevalence,Mpumalanga,Both,55-59 years,HIV/AIDS,Number,2000,5494.323671548666,7504.462202032295,3906.961984429339
Prevalence,Mpumalanga,Both,55-59 years,HIV/AIDS,Number,2001,6562.230849083754,8893.101299822594,4696.635811953124
Prevalence,Mpumalanga,Both,55-59 years,HIV/AIDS,Number,2002,7520.690882948383,10122.474480616089,5396.0623741460695
Prevalence,Mpumalanga,Both,55-59 years,HIV/AIDS,Number,2003,8447.683543965775,11266.682765718197,6143.521994219627
Prevalence,Mpumalanga,Both,55-59 years,HIV/AIDS,Number,2004,9395.456038177446,12475.925896312878,6811.445256071149
Prevalence,Mpumalanga,Both,55-59 years,HIV/AIDS,Number,2005,10458.439063882935,13853.06672389293,7571.392427986482
Prevalence,Mpumalanga,Both,55-59 years,HIV/AIDS,Number,2006,11608.290317182484,15143.578509815477,8282.775289884454
Prevalence,Mpumalanga,Both,55-59 years,HIV/AIDS,Number,2007,13012.989353370898,16802.534127954226,9484.18848486011
Prevalence,Mpumalanga,Both,55-59 years,HIV/AIDS,Number,2008,14603.798969840784,18760.230102531907,11005.276731532378
Prevalence,Mpumalanga,Both,55-59 years,HIV/AIDS,Number,2009,16427.228937144486,20841.692571256557,12843.737000572453
Prevalence,Mpumalanga,Both,55-59 years,HIV/AIDS,Number,2010,18555.80088712536,23372.060984602223,14749.439266163554
Prevalence,Mpumalanga,Both,55-59 years,HIV/AIDS,Number,2011,20928.717480195988,25970.267076294196,16746.241034762596
Prevalence,Mpumalanga,Both,55-59 years,HIV/AIDS,Number,2012,23711.14213687042,29098.243970559135,19127.58655256462
Prevalence,Mpumalanga,Both,55-59 years,HIV/AIDS,Number,2013,26875.989998972706,32644.154242371646,21840.208408954837
Prevalence,Mpumalanga,Both,55-59 years,HIV/AIDS,Number,2014,30340.81907939473,36454.563197389434,24939.354252085053
Prevalence,Mpumalanga,Both,55-59 years,HIV/AIDS,Number,2015,34006.94260449356,40588.46163919326,28137.36991728514
Prevalence,Mpumalanga,Both,55-59 years,HIV/AIDS,Number,2016,37769.059891656725,44990.85754558916,31587.84464720449
Prevalence,Mpumalanga,Both,55-59 years,HIV/AIDS,Number,2017,41603.74194285161,49176.408262466684,35056.17024435221
Prevalence,Mpumalanga,Both,55-59 years,HIV/AIDS,Number,2018,45619.138048068286,53854.95191319184,38620.097407558555
Prevalence,Mpumalanga,Both,55-59 years,HIV/AIDS,Number,2019,49874.17421790962,58728.26115857301,42845.64771405448
Prevalence,Mpumalanga,Both,15-49 years,HIV/AIDS,Number,1990,6705.606872036031,11311.41352008937,4033.1431489920196
Prevalence,Mpumalanga,Both,15-49 years,HIV/AIDS,Number,1991,11409.060927211429,18873.074834924497,6800.831423458572
Prevalence,Mpumalanga,Both,15-49 years,HIV/AIDS,Number,1992,19255.849005777047,32188.387656769133,11285.553067178662
Prevalence,Mpumalanga,Both,15-49 years,HIV/AIDS,Number,1993,31748.9465305209,51830.02774850415,18948.2473694544
Prevalence,Mpumalanga,Both,15-49 years,HIV/AIDS,Number,1994,50401.38719090571,79454.27449095044,30639.786778632835
Prevalence,Mpumalanga,Both,15-49 years,HIV/AIDS,Number,1995,76115.072340156,115311.52747367846,47991.05788364212
Prevalence,Mpumalanga,Both,15-49 years,HIV/AIDS,Number,1996,108619.04460654878,157852.33288763027,70654.61481016102
Prevalence,Mpumalanga,Both,15-49 years,HIV/AIDS,Number,1997,146119.5737006816,203137.18567988338,99401.70376258549
Prevalence,Mpumalanga,Both,15-49 years,HIV/AIDS,Number,1998,185545.22993133112,246491.37345936938,133295.3176295008
Prevalence,Mpumalanga,Both,15-49 years,HIV/AIDS,Number,1999,224032.4381611058,285776.80930661893,168731.2152501308
Prevalence,Mpumalanga,Both,15-49 years,HIV/AIDS,Number,2000,259509.66334577,319138.76911589585,202934.92711166624
Prevalence,Mpumalanga,Both,15-49 years,HIV/AIDS,Number,2001,291100.1281512892,349545.85699216224,233999.20841114206
Prevalence,Mpumalanga,Both,15-49 years,HIV/AIDS,Number,2002,318815.66239227,376771.3510066123,262232.18278069043
Prevalence,Mpumalanga,Both,15-49 years,HIV/AIDS,Number,2003,342535.33787914715,402622.0906304941,285132.7603650038
Prevalence,Mpumalanga,Both,15-49 years,HIV/AIDS,Number,2004,362790.3168260474,424714.5590532877,303010.56854903727
Prevalence,Mpumalanga,Both,15-49 years,HIV/AIDS,Number,2005,380357.3007930566,442946.95112663356,320791.7086779145
Prevalence,Mpumalanga,Both,15-49 years,HIV/AIDS,Number,2006,395735.9390241499,457957.9757264431,334291.36757901177
Prevalence,Mpumalanga,Both,15-49 years,HIV/AIDS,Number,2007,410692.3410943612,473032.38158792054,351869.2390365686
Prevalence,Mpumalanga,Both,15-49 years,HIV/AIDS,Number,2008,427273.5397227958,490068.82500390126,367482.1563960285
Prevalence,Mpumalanga,Both,15-49 years,HIV/AIDS,Number,2009,446310.58659826266,510153.4527619963,383939.92087055556
Prevalence,Mpumalanga,Both,15-49 years,HIV/AIDS,Number,2010,467824.3551580079,533234.5496225986,401741.2610405105
Prevalence,Mpumalanga,Both,15-49 years,HIV/AIDS,Number,2011,491609.9839196629,556070.0586709846,426172.59953820176
Prevalence,Mpumalanga,Both,15-49 years,HIV/AIDS,Number,2012,515306.7260318245,581092.884487601,446632.1119475096
Prevalence,Mpumalanga,Both,15-49 years,HIV/AIDS,Number,2013,541109.9086168408,610563.6304030167,469520.59795406024
Prevalence,Mpumalanga,Both,15-49 years,HIV/AIDS,Number,2014,565999.4199226967,640354.0142351881,492522.9087877825
Prevalence,Mpumalanga,Both,15-49 years,HIV/AIDS,Number,2015,588978.0216231673,671379.209304253,511401.1267311523
Prevalence,Mpumalanga,Both,15-49 years,HIV/AIDS,Number,2016,609774.1497968492,699639.2980990644,525934.6202465711
Prevalence,Mpumalanga,Both,15-49 years,HIV/AIDS,Number,2017,628096.0781522412,726241.5772404055,539178.0173903352
Prevalence,Mpumalanga,Both,15-49 years,HIV/AIDS,Number,2018,644148.8316999474,750935.0471244914,549727.0865075025
Prevalence,Mpumalanga,Both,15-49 years,HIV/AIDS,Number,2019,656705.2434839421,770955.9077008836,552275.514301278
Prevalence,Free State,Both,15-49 years,HIV/AIDS,Number,1990,9615.044127915022,15157.434108645793,6205.147540793432
Prevalence,Free State,Both,15-49 years,HIV/AIDS,Number,1991,15943.48663994647,25660.550614383083,10236.152392319224
Prevalence,Free State,Both,15-49 years,HIV/AIDS,Number,1992,26022.17079258741,40660.93927729922,16822.84900502826
Prevalence,Free State,Both,15-49 years,HIV/AIDS,Number,1993,41107.23900198513,61677.17992011736,26601.827199857853
Prevalence,Free State,Both,15-49 years,HIV/AIDS,Number,1994,62044.04022548996,90418.32154270555,40248.63061688378
Prevalence,Free State,Both,15-49 years,HIV/AIDS,Number,1995,88647.9196388225,123660.2021893903,58668.320697906696
Prevalence,Free State,Both,15-49 years,HIV/AIDS,Number,1996,119370.87807474173,161752.2138458714,83038.65205098478
Prevalence,Free State,Both,15-49 years,HIV/AIDS,Number,1997,151702.72994756856,200037.96769621922,110043.73211742532
Prevalence,Free State,Both,15-49 years,HIV/AIDS,Number,1998,182526.0677666112,234160.5131876022,137952.39269061218
Prevalence,Free State,Both,15-49 years,HIV/AIDS,Number,1999,209728.74894328922,262787.9472774124,166300.86576398343
Prevalence,Free State,Both,15-49 years,HIV/AIDS,Number,2000,232373.42855805522,283555.53069467115,188856.1913504573
Prevalence,Free State,Both,15-49 years,HIV/AIDS,Number,2001,250203.74120726943,299876.6698592305,207327.23247988446
Prevalence,Free State,Both,15-49 years,HIV/AIDS,Number,2002,263542.0096133473,313299.98931342876,220562.43140241114
Prevalence,Free State,Both,15-49 years,HIV/AIDS,Number,2003,272630.33948177256,319463.7312503693,230419.04203146673
Prevalence,Free State,Both,15-49 years,HIV/AIDS,Number,2004,278155.85420406784,323217.75285589276,236361.43850954896
Prevalence,Free State,Both,15-49 years,HIV/AIDS,Number,2005,280966.8837503967,326436.7285672176,241025.36695214026
Prevalence,Free State,Both,15-49 years,HIV/AIDS,Number,2006,282270.8179922846,328080.4957824841,243789.05385390855
Prevalence,Free State,Both,15-49 years,HIV/AIDS,Number,2007,282936.86464649055,327390.07416647393,245325.82657476282
Prevalence,Free State,Both,15-49 years,HIV/AIDS,Number,2008,284158.8320544818,327693.85746899684,244612.0336923495
Prevalence,Free State,Both,15-49 years,HIV/AIDS,Number,2009,287243.4432079396,330984.04031774343,248713.67860555145
Prevalence,Free State,Both,15-49 years,HIV/AIDS,Number,2010,291612.8653185566,334534.7994791237,252662.66631307782
Prevalence,Free State,Both,15-49 years,HIV/AIDS,Number,2011,297760.48943092,339659.65712630627,258134.24075207065
Prevalence,Free State,Both,15-49 years,HIV/AIDS,Number,2012,305219.3747160694,345988.5474272477,266960.5386995769
Prevalence,Free State,Both,15-49 years,HIV/AIDS,Number,2013,314126.4580253366,356226.2835127036,275835.86589662585
Prevalence,Free State,Both,15-49 years,HIV/AIDS,Number,2014,322376.49040884414,364844.6987145229,282594.38092148356
Prevalence,Free State,Both,15-49 years,HIV/AIDS,Number,2015,329532.3925478651,373215.351587488,289042.27962451597
Prevalence,Free State,Both,15-49 years,HIV/AIDS,Number,2016,335476.9348962084,381958.72965305153,293648.4257826943
Prevalence,Free State,Both,15-49 years,HIV/AIDS,Number,2017,340047.0768946862,388038.7282304474,295508.61958594096
Prevalence,Free State,Both,15-49 years,HIV/AIDS,Number,2018,343294.7618229077,394817.4229113404,296097.02066637314
Prevalence,Free State,Both,15-49 years,HIV/AIDS,Number,2019,344125.58002794086,398188.8997924338,292967.07912370074
Prevalence,Western Cape,Both,50-54 years,HIV/AIDS,Number,1990,71.29720560434023,141.70801359353646,41.5619855274516
Prevalence,Western Cape,Both,50-54 years,HIV/AIDS,Number,1991,112.50388237136296,232.4205958067461,62.385672615227456
Prevalence,Western Cape,Both,50-54 years,HIV/AIDS,Number,1992,185.54618329256698,368.1419044564101,102.51911491255836
Prevalence,Western Cape,Both,50-54 years,HIV/AIDS,Number,1993,300.4053418015052,569.8539968725237,167.9072100094375
Prevalence,Western Cape,Both,50-54 years,HIV/AIDS,Number,1994,468.9446442108379,840.4380201576795,264.7569485477748
Prevalence,Western Cape,Both,50-54 years,HIV/AIDS,Number,1995,701.684749750033,1207.7842282967376,403.54932673659386
Prevalence,Western Cape,Both,50-54 years,HIV/AIDS,Number,1996,1047.2681624928261,1729.8976356523744,621.6272580992775
Prevalence,Western Cape,Both,50-54 years,HIV/AIDS,Number,1997,1513.8036026712755,2384.114813778672,944.3144898141227
Prevalence,Western Cape,Both,50-54 years,HIV/AIDS,Number,1998,2091.6224386284016,3196.607250064166,1383.110846411224
Prevalence,Western Cape,Both,50-54 years,HIV/AIDS,Number,1999,2755.9247223112293,4029.2444511839703,1860.827053670403
Prevalence,Western Cape,Both,50-54 years,HIV/AIDS,Number,2000,3468.162357243058,5048.555661252856,2408.650083735723
Prevalence,Western Cape,Both,50-54 years,HIV/AIDS,Number,2001,4311.226104224778,6165.438343422255,2996.7649471190825
Prevalence,Western Cape,Both,50-54 years,HIV/AIDS,Number,2002,5175.394940386309,7464.285381545507,3623.9140415533907
Prevalence,Western Cape,Both,50-54 years,HIV/AIDS,Number,2003,6049.542094185922,8730.433211003243,4231.425212899085
Prevalence,Western Cape,Both,50-54 years,HIV/AIDS,Number,2004,6949.431839542138,10121.623549842856,4780.035901000639
Prevalence,Western Cape,Both,50-54 years,HIV/AIDS,Number,2005,7936.053230845672,11489.525539005052,5393.702650062254
Prevalence,Western Cape,Both,50-54 years,HIV/AIDS,Number,2006,8907.405605592623,12821.342740697146,6171.443146526383
Prevalence,Western Cape,Both,50-54 years,HIV/AIDS,Number,2007,10118.725620690711,14340.521767744667,6716.077853734498
Prevalence,Western Cape,Both,50-54 years,HIV/AIDS,Number,2008,11681.236043493618,16151.412721552846,7625.387340620395
Prevalence,Western Cape,Both,50-54 years,HIV/AIDS,Number,2009,13523.189838796587,18392.445672634854,9503.481570059788
Prevalence,Western Cape,Both,50-54 years,HIV/AIDS,Number,2010,15530.304821350705,20877.044878393615,11471.818038432833
Prevalence,Western Cape,Both,50-54 years,HIV/AIDS,Number,2011,17713.041008233566,23594.708422986456,13131.20291318518
Prevalence,Western Cape,Both,50-54 years,HIV/AIDS,Number,2012,20109.351518231153,26444.66127009212,15184.76833997625
Prevalence,Western Cape,Both,50-54 years,HIV/AIDS,Number,2013,22715.211334642434,29613.76914971891,17419.352895994773
Prevalence,Western Cape,Both,50-54 years,HIV/AIDS,Number,2014,25477.16896628916,32490.96539875845,19705.628521307597
Prevalence,Western Cape,Both,50-54 years,HIV/AIDS,Number,2015,28305.193240426433,35818.46693520188,22058.3366569739
Prevalence,Western Cape,Both,50-54 years,HIV/AIDS,Number,2016,31095.566972274388,39446.431128550044,24443.950493296827
Prevalence,Western Cape,Both,50-54 years,HIV/AIDS,Number,2017,33809.65040672988,43072.09736237428,26505.975651000248
Prevalence,Western Cape,Both,50-54 years,HIV/AIDS,Number,2018,36574.04991516832,46503.760143325315,28723.815376129336
Prevalence,Western Cape,Both,50-54 years,HIV/AIDS,Number,2019,39544.19111101991,50505.35851428474,31030.7247705279
Prevalence,Western Cape,Both,55-59 years,HIV/AIDS,Number,1990,41.85832255189994,83.67338619568508,24.415838239598322
Prevalence,Western Cape,Both,55-59 years,HIV/AIDS,Number,1991,64.9268937175768,133.26612690211672,36.05812532295784
Prevalence,Western Cape,Both,55-59 years,HIV/AIDS,Number,1992,105.46511295247858,209.62512989871468,58.284343663054344
Prevalence,Western Cape,Both,55-59 years,HIV/AIDS,Number,1993,171.13765558550625,325.21094785201217,95.69924087610565
Prevalence,Western Cape,Both,55-59 years,HIV/AIDS,Number,1994,271.7373096932363,488.02642024722144,154.13004408899056
Prevalence,Western Cape,Both,55-59 years,HIV/AIDS,Number,1995,418.0534558759473,718.0551770166695,241.14378057547876
Prevalence,Western Cape,Both,55-59 years,HIV/AIDS,Number,1996,629.5852057972005,1039.1771579253534,375.8029435480032
Prevalence,Western Cape,Both,55-59 years,HIV/AIDS,Number,1997,911.4450662333772,1437.8142872719382,569.2885598232172
Prevalence,Western Cape,Both,55-59 years,HIV/AIDS,Number,1998,1248.4413954625666,1906.272005692012,828.511288959678
Prevalence,Western Cape,Both,55-59 years,HIV/AIDS,Number,1999,1616.1496124898572,2355.9252340072735,1091.4932622355764
Prevalence,Western Cape,Both,55-59 years,HIV/AIDS,Number,2000,1987.3571948451115,2890.189144690415,1380.4996952763145
Prevalence,Western Cape,Both,55-59 years,HIV/AIDS,Number,2001,2425.1413507560724,3446.837552543453,1681.3419129889148
Prevalence,Western Cape,Both,55-59 years,HIV/AIDS,Number,2002,2895.6160835492087,4140.133992484134,2027.5906150196531
Prevalence,Western Cape,Both,55-59 years,HIV/AIDS,Number,2003,3390.9256304474284,4879.056935282446,2379.5057612330174
Prevalence,Western Cape,Both,55-59 years,HIV/AIDS,Number,2004,3909.461871817644,5654.246753296385,2692.5212278120725
Prevalence,Western Cape,Both,55-59 years,HIV/AIDS,Number,2005,4438.192850487779,6427.992528735206,2973.4926084671506
Prevalence,Western Cape,Both,55-59 years,HIV/AIDS,Number,2006,5116.029356214611,7361.050443860531,3399.124779935497
Prevalence,Western Cape,Both,55-59 years,HIV/AIDS,Number,2007,5858.259980244546,8365.937216897068,3781.6953327414826
Prevalence,Western Cape,Both,55-59 years,HIV/AIDS,Number,2008,6727.381239369573,9465.585721285874,4333.331017113111
Prevalence,Western Cape,Both,55-59 years,HIV/AIDS,Number,2009,7737.66410915392,10736.641207530849,5298.569966668511
Prevalence,Western Cape,Both,55-59 years,HIV/AIDS,Number,2010,8889.979391701276,12218.26332860243,6349.868254340292
Prevalence,Western Cape,Both,55-59 years,HIV/AIDS,Number,2011,10034.126676074202,13632.93813659829,7293.541146761045
Prevalence,Western Cape,Both,55-59 years,HIV/AIDS,Number,2012,11436.999606222014,15335.418334114991,8408.201861855056
Prevalence,Western Cape,Both,55-59 years,HIV/AIDS,Number,2013,13114.171832154376,17408.852495459585,9758.214345881117
Prevalence,Western Cape,Both,55-59 years,HIV/AIDS,Number,2014,15039.913744450394,19749.89024758649,11344.076496802802
Prevalence,Western Cape,Both,55-59 years,HIV/AIDS,Number,2015,17160.501721125707,22379.864937387003,13051.097392300078
Prevalence,Western Cape,Both,55-59 years,HIV/AIDS,Number,2016,19404.246503228896,25126.00060572437,14906.422287687636
Prevalence,Western Cape,Both,55-59 years,HIV/AIDS,Number,2017,21718.39424162431,27957.78346831804,16722.912692248818
Prevalence,Western Cape,Both,55-59 years,HIV/AIDS,Number,2018,24138.293846353816,31146.44798402132,18639.34979918912
Prevalence,Western Cape,Both,55-59 years,HIV/AIDS,Number,2019,26734.20134399763,34537.19796270771,20479.102889382484
Prevalence,Limpopo,Both,50-54 years,HIV/AIDS,Number,1990,290.6417185975217,430.1845841263071,197.73542770100502
Prevalence,Limpopo,Both,50-54 years,HIV/AIDS,Number,1991,451.65898827365794,680.8938700772754,302.11730658457486
Prevalence,Limpopo,Both,50-54 years,HIV/AIDS,Number,1992,713.6067223054313,1077.0220560701625,470.39755928365344
Prevalence,Limpopo,Both,50-54 years,HIV/AIDS,Number,1993,1103.1570059343749,1644.8614261758653,725.0282181234782
Prevalence,Limpopo,Both,50-54 years,HIV/AIDS,Number,1994,1645.0928825416852,2400.360433186362,1093.1226939940225
Prevalence,Limpopo,Both,50-54 years,HIV/AIDS,Number,1995,2346.255177861159,3352.0707908734767,1582.5431112691297
Prevalence,Limpopo,Both,50-54 years,HIV/AIDS,Number,1996,3311.885169095697,4577.4439598940435,2309.0313724428283
Prevalence,Limpopo,Both,50-54 years,HIV/AIDS,Number,1997,4491.240194380274,6094.615993707038,3241.1176503161755
Prevalence,Limpopo,Both,50-54 years,HIV/AIDS,Number,1998,5830.8492221343395,7852.374538234949,4297.939450801
Prevalence,Limpopo,Both,50-54 years,HIV/AIDS,Number,1999,7231.537941559958,9857.041763375122,5413.972159290373
Prevalence,Limpopo,Both,50-54 years,HIV/AIDS,Number,2000,8567.755785950932,11459.078301316404,6371.313221262134
Prevalence,Limpopo,Both,50-54 years,HIV/AIDS,Number,2001,10568.60573265754,14081.278291840688,7931.723620837398
Prevalence,Limpopo,Both,50-54 years,HIV/AIDS,Number,2002,12419.564884858419,16312.096443154605,9287.917475652637
Prevalence,Limpopo,Both,50-54 years,HIV/AIDS,Number,2003,14085.84556228666,18558.73139936865,10523.650291523438
Prevalence,Limpopo,Both,50-54 years,HIV/AIDS,Number,2004,15578.740468987053,20593.517313511915,11636.879897094705
Prevalence,Limpopo,Both,50-54 years,HIV/AIDS,Number,2005,17095.9121368541,22594.696384453237,12589.081157138357
Prevalence,Limpopo,Both,50-54 years,HIV/AIDS,Number,2006,17860.96992200546,23592.17952896397,13050.048818448582
Prevalence,Limpopo,Both,50-54 years,HIV/AIDS,Number,2007,19073.326628038085,24885.051687160496,13955.103349131592
Prevalence,Limpopo,Both,50-54 years,HIV/AIDS,Number,2008,20914.494023120824,26641.21887330039,15498.592508497773
Prevalence,Limpopo,Both,50-54 years,HIV/AIDS,Number,2009,23064.902942160657,28723.118924443905,17853.580585246887
Prevalence,Limpopo,Both,50-54 years,HIV/AIDS,Number,2010,25404.36823632069,31204.291633092824,20380.36860894182
Prevalence,Limpopo,Both,50-54 years,HIV/AIDS,Number,2011,27925.11729285758,33965.99467864134,22602.59109617146
Prevalence,Limpopo,Both,50-54 years,HIV/AIDS,Number,2012,30592.22593241381,36676.25328520617,24948.185720821435
Prevalence,Limpopo,Both,50-54 years,HIV/AIDS,Number,2013,33369.8597909966,39525.8115037461,27442.103072562037
Prevalence,Limpopo,Both,50-54 years,HIV/AIDS,Number,2014,36199.6163420615,42816.89720933114,30060.71357618824
Prevalence,Limpopo,Both,50-54 years,HIV/AIDS,Number,2015,39050.48834796849,45759.99932866295,32599.172638576816
Prevalence,Limpopo,Both,50-54 years,HIV/AIDS,Number,2016,41923.04384714309,49053.1954754428,35108.282179599875
Prevalence,Limpopo,Both,50-54 years,HIV/AIDS,Number,2017,44869.728373214275,52643.006415177544,37682.06674671648
Prevalence,Limpopo,Both,50-54 years,HIV/AIDS,Number,2018,47940.03841007681,56241.00030336582,40241.257613326605
Prevalence,Limpopo,Both,50-54 years,HIV/AIDS,Number,2019,51029.12234367469,59651.31823663601,42670.64704616048
Prevalence,Limpopo,Both,55-59 years,HIV/AIDS,Number,1990,202.15615263663668,298.24075038317847,137.14781519094956
Prevalence,Limpopo,Both,55-59 years,HIV/AIDS,Number,1991,307.9740441005082,463.29949994961163,206.29188890859206
Prevalence,Limpopo,Both,55-59 years,HIV/AIDS,Number,1992,471.4234816872038,708.2198416533087,310.7347434099845
Prevalence,Limpopo,Both,55-59 years,HIV/AIDS,Number,1993,717.2427434831097,1066.254797536846,474.73239324401874
Prevalence,Limpopo,Both,55-59 years,HIV/AIDS,Number,1994,1069.066328037844,1562.7725385708775,714.4071412247357
Prevalence,Limpopo,Both,55-59 years,HIV/AIDS,Number,1995,1545.709462427563,2203.538918077561,1048.3775513748797
Prevalence,Limpopo,Both,55-59 years,HIV/AIDS,Number,1996,2178.87404691124,3012.7061439599916,1526.9417996337445
Prevalence,Limpopo,Both,55-59 years,HIV/AIDS,Number,1997,2966.744034808848,4049.1305317092806,2153.908941022903
Prevalence,Limpopo,Both,55-59 years,HIV/AIDS,Number,1998,3843.6667590878214,5172.005228104624,2846.1468755874257
Prevalence,Limpopo,Both,55-59 years,HIV/AIDS,Number,1999,4738.313671062928,6436.36891840082,3557.5387282509428
Prevalence,Limpopo,Both,55-59 years,HIV/AIDS,Number,2000,5589.913864663099,7450.577241668249,4197.295892241056
Prevalence,Limpopo,Both,55-59 years,HIV/AIDS,Number,2001,6572.549541182401,8691.653089837304,4907.36045020603
Prevalence,Limpopo,Both,55-59 years,HIV/AIDS,Number,2002,7501.339539588307,10019.045303868517,5560.909295263645
Prevalence,Limpopo,Both,55-59 years,HIV/AIDS,Number,2003,8362.901652845065,11271.952885114806,6186.378329764436
Prevalence,Limpopo,Both,55-59 years,HIV/AIDS,Number,2004,9104.291899613947,12281.899496470673,6657.739843389511
Prevalence,Limpopo,Both,55-59 years,HIV/AIDS,Number,2005,9651.79016855969,13177.054508704598,6939.184942441116
Prevalence,Limpopo,Both,55-59 years,HIV/AIDS,Number,2006,10851.501873350011,14696.85027272685,7681.991491584693
Prevalence,Limpopo,Both,55-59 years,HIV/AIDS,Number,2007,12011.360870158866,16024.629329661097,8418.745819569782
Prevalence,Limpopo,Both,55-59 years,HIV/AIDS,Number,2008,13242.811484563392,17329.402307749493,9465.37761152094
Prevalence,Limpopo,Both,55-59 years,HIV/AIDS,Number,2009,14561.645039562198,18844.47470662753,10791.030186374912
Prevalence,Limpopo,Both,55-59 years,HIV/AIDS,Number,2010,16112.520985143721,20481.83919490741,12437.537739574627
Prevalence,Limpopo,Both,55-59 years,HIV/AIDS,Number,2011,17070.82069112961,21432.195462557615,13392.405145469618
Prevalence,Limpopo,Both,55-59 years,HIV/AIDS,Number,2012,18458.98504586609,23100.00069385379,14625.675482043702
Prevalence,Limpopo,Both,55-59 years,HIV/AIDS,Number,2013,20244.43980830081,25067.68133351978,16277.408373421058
Prevalence,Limpopo,Both,55-59 years,HIV/AIDS,Number,2014,22353.496591337742,27627.06553596914,18100.664462416386
Prevalence,Limpopo,Both,55-59 years,HIV/AIDS,Number,2015,24694.68749912649,30032.61492200045,20063.055447361654
Prevalence,Limpopo,Both,55-59 years,HIV/AIDS,Number,2016,27152.81564495035,32742.8615424792,22281.949370166392
Prevalence,Limpopo,Both,55-59 years,HIV/AIDS,Number,2017,29601.601089075557,35379.79822287117,24467.63399496098
Prevalence,Limpopo,Both,55-59 years,HIV/AIDS,Number,2018,32065.605182278894,38225.38583046424,26569.013523282745
Prevalence,Limpopo,Both,55-59 years,HIV/AIDS,Number,2019,34508.83534992087,41126.17528167828,28601.372566193146
Prevalence,Limpopo,Both,15-49 years,HIV/AIDS,Number,1990,8126.66782149419,12208.541110573127,5560.966459137356
Prevalence,Limpopo,Both,15-49 years,HIV/AIDS,Number,1991,12781.809057495422,19158.067274847188,8726.095911067017
Prevalence,Limpopo,Both,15-49 years,HIV/AIDS,Number,1992,19949.065016107397,29730.264459656337,13415.491279768863
Prevalence,Limpopo,Both,15-49 years,HIV/AIDS,Number,1993,30528.978783946022,45419.92817784077,20498.738651223022
Prevalence,Limpopo,Both,15-49 years,HIV/AIDS,Number,1994,45451.44059068033,65363.19250189211,31424.56512935399
Prevalence,Limpopo,Both,15-49 years,HIV/AIDS,Number,1995,65442.54948067678,91908.93302956107,46331.91188870618
Prevalence,Limpopo,Both,15-49 years,HIV/AIDS,Number,1996,90855.88264190045,123484.51443296271,66168.50450298663
Prevalence,Limpopo,Both,15-49 years,HIV/AIDS,Number,1997,121198.06004702135,159813.1344876658,91997.6548811632
Prevalence,Limpopo,Both,15-49 years,HIV/AIDS,Number,1998,154556.3782159185,196745.03485067553,121372.08085004054
Prevalence,Limpopo,Both,15-49 years,HIV/AIDS,Number,1999,188624.8687398944,234581.17930809333,150925.52191643545
Prevalence,Limpopo,Both,15-49 years,HIV/AIDS,Number,2000,221181.42011815571,269815.94946058065,178233.98741637354
Prevalence,Limpopo,Both,15-49 years,HIV/AIDS,Number,2001,249819.33477232722,300544.21296744834,204017.38111323013
Prevalence,Limpopo,Both,15-49 years,HIV/AIDS,Number,2002,274309.4525418201,327806.16283807764,224711.28512381224
Prevalence,Limpopo,Both,15-49 years,HIV/AIDS,Number,2003,293928.64411301346,349838.8982256376,240735.94779936314
Prevalence,Limpopo,Both,15-49 years,HIV/AIDS,Number,2004,308829.0120315639,366785.29861783155,252360.78221158165
Prevalence,Limpopo,Both,15-49 years,HIV/AIDS,Number,2005,319200.0436494092,377377.700263417,263004.22471706226
Prevalence,Limpopo,Both,15-49 years,HIV/AIDS,Number,2006,325980.5226157864,381086.8797047167,270824.7108200393
Prevalence,Limpopo,Both,15-49 years,HIV/AIDS,Number,2007,330939.9623632547,387691.6369211059,274243.46069424314
Prevalence,Limpopo,Both,15-49 years,HIV/AIDS,Number,2008,335378.54118657997,392236.0073575545,277680.7985515852
Prevalence,Limpopo,Both,15-49 years,HIV/AIDS,Number,2009,340742.83388857305,398682.08225855284,281558.99956327013
Prevalence,Limpopo,Both,15-49 years,HIV/AIDS,Number,2010,346502.101819752,405097.9103107107,288809.39233200264
Prevalence,Limpopo,Both,15-49 years,HIV/AIDS,Number,2011,353072.9913822361,411971.4673493256,294303.7498648127
Prevalence,Limpopo,Both,15-49 years,HIV/AIDS,Number,2012,362191.4584039475,421846.65657584893,301146.3501533044
Prevalence,Limpopo,Both,15-49 years,HIV/AIDS,Number,2013,371882.46358008456,432874.92448802234,310014.5240771431
Prevalence,Limpopo,Both,15-49 years,HIV/AIDS,Number,2014,381095.739214775,445287.5178456535,317864.6887049908
Prevalence,Limpopo,Both,15-49 years,HIV/AIDS,Number,2015,388550.70543179836,454374.7667460958,320216.55019218393
Prevalence,Limpopo,Both,15-49 years,HIV/AIDS,Number,2016,394086.6302248796,464880.2118130345,321223.3714183726
Prevalence,Limpopo,Both,15-49 years,HIV/AIDS,Number,2017,397884.49967402127,478370.89583428315,321576.9331869065
Prevalence,Limpopo,Both,15-49 years,HIV/AIDS,Number,2018,399797.38622042513,486784.0891082681,320689.0934029829
Prevalence,Limpopo,Both,15-49 years,HIV/AIDS,Number,2019,398083.41905327706,492447.4059497419,314337.35566445853
Prevalence,Eastern Cape,Both,50-54 years,HIV/AIDS,Number,1990,363.73473136717826,593.4760841280704,231.82046602409758
Prevalence,Eastern Cape,Both,50-54 years,HIV/AIDS,Number,1991,587.8779193217077,960.2285330109694,372.5407359474907
Prevalence,Eastern Cape,Both,50-54 years,HIV/AIDS,Number,1992,984.5588851830732,1588.755006742116,631.235254663297
Prevalence,Eastern Cape,Both,50-54 years,HIV/AIDS,Number,1993,1612.158505641219,2464.385980690312,1069.4753837743726
Prevalence,Eastern Cape,Both,50-54 years,HIV/AIDS,Number,1994,2535.2983873722815,3745.7557845563797,1707.3813807133683
Prevalence,Eastern Cape,Both,50-54 years,HIV/AIDS,Number,1995,3794.6695757075518,5411.103399552472,2586.515001590952
Prevalence,Eastern Cape,Both,50-54 years,HIV/AIDS,Number,1996,5569.698262497971,7670.1928384561015,3897.213736454931
Prevalence,Eastern Cape,Both,50-54 years,HIV/AIDS,Number,1997,7731.642426954877,10586.582577217543,5552.146448108208
Prevalence,Eastern Cape,Both,50-54 years,HIV/AIDS,Number,1998,10181.662072329285,13830.06406011682,7485.981389359829
Prevalence,Eastern Cape,Both,50-54 years,HIV/AIDS,Number,1999,12768.09059132121,17110.258236593734,9463.779631637328
Prevalence,Eastern Cape,Both,50-54 years,HIV/AIDS,Number,2000,15309.205656130529,20392.924943409093,11290.32418963466
Prevalence,Eastern Cape,Both,50-54 years,HIV/AIDS,Number,2001,19014.251036421454,24990.86340473039,14037.422335620733
Prevalence,Eastern Cape,Both,50-54 years,HIV/AIDS,Number,2002,22412.98025196293,29305.4032215962,16685.056146432176
Prevalence,Eastern Cape,Both,50-54 years,HIV/AIDS,Number,2003,25400.32966746885,32913.505927914965,18989.400424169085
Prevalence,Eastern Cape,Both,50-54 years,HIV/AIDS,Number,2004,28132.2518626429,36508.76796694144,21063.321730158
Prevalence,Eastern Cape,Both,50-54 years,HIV/AIDS,Number,2005,30869.163633904107,40035.098189420074,22857.199893301477
Prevalence,Eastern Cape,Both,50-54 years,HIV/AIDS,Number,2006,32426.913697688753,41465.12816605252,23438.104014299548
Prevalence,Eastern Cape,Both,50-54 years,HIV/AIDS,Number,2007,34873.18054258308,43949.68255244515,25208.155248167393
Prevalence,Eastern Cape,Both,50-54 years,HIV/AIDS,Number,2008,38008.92289156673,46879.2729202418,29090.71414899401
Prevalence,Eastern Cape,Both,50-54 years,HIV/AIDS,Number,2009,41635.573138363274,50278.61818572576,32794.15251677886
Prevalence,Eastern Cape,Both,50-54 years,HIV/AIDS,Number,2010,45698.75307521334,54680.156145734836,36592.36032263007
Prevalence,Eastern Cape,Both,50-54 years,HIV/AIDS,Number,2011,49979.10050131772,59187.79431312571,40596.036592120465
Prevalence,Eastern Cape,Both,50-54 years,HIV/AIDS,Number,2012,54376.077421442744,63955.51876627631,45002.51665947086
Prevalence,Eastern Cape,Both,50-54 years,HIV/AIDS,Number,2013,58879.32779139752,69071.82910173673,49541.62770153742
Prevalence,Eastern Cape,Both,50-54 years,HIV/AIDS,Number,2014,63363.64463930421,73767.60381894824,53967.63919775157
Prevalence,Eastern Cape,Both,50-54 years,HIV/AIDS,Number,2015,67791.63182043824,78371.55701444388,57739.97282613945
Prevalence,Eastern Cape,Both,50-54 years,HIV/AIDS,Number,2016,72222.20411874673,83215.42114024793,61520.149492576296
Prevalence,Eastern Cape,Both,50-54 years,HIV/AIDS,Number,2017,76779.93068706054,88327.63158377323,65678.73147714432
Prevalence,Eastern Cape,Both,50-54 years,HIV/AIDS,Number,2018,81637.31000216931,93716.52650440198,69756.86915846191
Prevalence,Eastern Cape,Both,50-54 years,HIV/AIDS,Number,2019,86693.40684687263,99505.49964361367,73970.94452057172
Prevalence,Eastern Cape,Both,55-59 years,HIV/AIDS,Number,1990,256.8899059280105,417.2485633970409,164.47403303194437
Prevalence,Eastern Cape,Both,55-59 years,HIV/AIDS,Number,1991,412.35845479875337,672.1654507946935,261.1462822067224
Prevalence,Eastern Cape,Both,55-59 years,HIV/AIDS,Number,1992,678.0105056571839,1087.5964659006006,436.07885659089754
Prevalence,Eastern Cape,Both,55-59 years,HIV/AIDS,Number,1993,1104.5657865984779,1688.9735140699531,732.6102898628366
Prevalence,Eastern Cape,Both,55-59 years,HIV/AIDS,Number,1994,1747.205743696194,2558.3082820060454,1183.0361691703627
Prevalence,Eastern Cape,Both,55-59 years,HIV/AIDS,Number,1995,2653.227517078355,3763.3202805757205,1810.9796158100323
Prevalence,Eastern Cape,Both,55-59 years,HIV/AIDS,Number,1996,3880.1122764224383,5308.287891772419,2709.4676470776226
Prevalence,Eastern Cape,Both,55-59 years,HIV/AIDS,Number,1997,5419.437020100705,7392.450301197468,3904.2154797172166
Prevalence,Eastern Cape,Both,55-59 years,HIV/AIDS,Number,1998,7117.715287531497,9682.541653708371,5249.366097746396
Prevalence,Eastern Cape,Both,55-59 years,HIV/AIDS,Number,1999,8840.011378969346,11808.991856783738,6540.712626159264
Prevalence,Eastern Cape,Both,55-59 years,HIV/AIDS,Number,2000,10495.879823650068,14014.634832266562,7703.535051021701
Prevalence,Eastern Cape,Both,55-59 years,HIV/AIDS,Number,2001,12287.729183056028,16407.91223230097,9067.347569669786
Prevalence,Eastern Cape,Both,55-59 years,HIV/AIDS,Number,2002,13806.743849900253,18421.404642761834,10056.594896618257
Prevalence,Eastern Cape,Both,55-59 years,HIV/AIDS,Number,2003,15106.651030688618,20090.146889084353,10957.452003829338
Prevalence,Eastern Cape,Both,55-59 years,HIV/AIDS,Number,2004,16199.64733666699,21554.894363029813,11767.065949813377
Prevalence,Eastern Cape,Both,55-59 years,HIV/AIDS,Number,2005,17088.42964799889,22811.22051689794,12121.380354295887
Prevalence,Eastern Cape,Both,55-59 years,HIV/AIDS,Number,2006,19278.777078254552,25574.46938528448,13298.554360503216
Prevalence,Eastern Cape,Both,55-59 years,HIV/AIDS,Number,2007,21478.462673796224,28141.786422078854,14891.020979761472
Prevalence,Eastern Cape,Both,55-59 years,HIV/AIDS,Number,2008,23705.438798606396,30464.812417592697,17168.77995110521
Prevalence,Eastern Cape,Both,55-59 years,HIV/AIDS,Number,2009,26130.063482668138,32982.6013649972,19633.151686002177
Prevalence,Eastern Cape,Both,55-59 years,HIV/AIDS,Number,2010,29045.50215290509,36170.394849525976,22215.057287100335
Prevalence,Eastern Cape,Both,55-59 years,HIV/AIDS,Number,2011,31050.3686097706,37881.234183323766,24096.979421631782
Prevalence,Eastern Cape,Both,55-59 years,HIV/AIDS,Number,2012,34003.62190751065,40897.698971136,26824.117310990718
Prevalence,Eastern Cape,Both,55-59 years,HIV/AIDS,Number,2013,37753.436028083066,45230.1179020013,30196.810550230417
Prevalence,Eastern Cape,Both,55-59 years,HIV/AIDS,Number,2014,42013.26088224043,49886.272296991265,34088.36994575185
Prevalence,Eastern Cape,Both,55-59 years,HIV/AIDS,Number,2015,46500.1517042592,55258.023449747445,37937.46643207522
Prevalence,Eastern Cape,Both,55-59 years,HIV/AIDS,Number,2016,50949.03043270974,60496.19740504861,41836.79415754332
Prevalence,Eastern Cape,Both,55-59 years,HIV/AIDS,Number,2017,55102.41188569616,64904.491024966366,45665.94749697739
Prevalence,Eastern Cape,Both,55-59 years,HIV/AIDS,Number,2018,59113.04161383491,69421.11001683428,49427.03681907822
Prevalence,Eastern Cape,Both,55-59 years,HIV/AIDS,Number,2019,63022.06092245349,73312.08635737984,52954.6170528783
Prevalence,Eastern Cape,Both,15-49 years,HIV/AIDS,Number,1990,10012.675440639372,15796.314924440836,6434.662786583589
Prevalence,Eastern Cape,Both,15-49 years,HIV/AIDS,Number,1991,16607.082150510792,26359.371959159846,10549.292623816602
Prevalence,Eastern Cape,Both,15-49 years,HIV/AIDS,Number,1992,27593.88092763722,42446.63917236986,18007.557574122347
Prevalence,Eastern Cape,Both,15-49 years,HIV/AIDS,Number,1993,44889.99313117881,66051.4417065635,29525.98357278479
Prevalence,Eastern Cape,Both,15-49 years,HIV/AIDS,Number,1994,70639.17858075898,100839.32400593393,48067.90927298574
Prevalence,Eastern Cape,Both,15-49 years,HIV/AIDS,Number,1995,106563.20940935127,147611.72399048557,75314.58804565977
Prevalence,Eastern Cape,Both,15-49 years,HIV/AIDS,Number,1996,153374.3442134656,206639.51738383708,112014.85358191957
Prevalence,Eastern Cape,Both,15-49 years,HIV/AIDS,Number,1997,209166.258142269,269936.1405429637,159157.92799309597
Prevalence,Eastern Cape,Both,15-49 years,HIV/AIDS,Number,1998,268667.87004945526,334630.3128097996,213150.73533239993
Prevalence,Eastern Cape,Both,15-49 years,HIV/AIDS,Number,1999,326112.38577029493,391972.81463839684,264650.3211305338
Prevalence,Eastern Cape,Both,15-49 years,HIV/AIDS,Number,2000,376951.361466117,446775.91231879557,312863.21550721815
Prevalence,Eastern Cape,Both,15-49 years,HIV/AIDS,Number,2001,417435.99831525574,490994.0764066788,351006.12333934696
Prevalence,Eastern Cape,Both,15-49 years,HIV/AIDS,Number,2002,449114.8412656429,522361.5244160347,378676.96816779615
Prevalence,Eastern Cape,Both,15-49 years,HIV/AIDS,Number,2003,472418.2371640519,546312.1475856454,401445.98852079746
Prevalence,Eastern Cape,Both,15-49 years,HIV/AIDS,Number,2004,488948.1952895437,564581.8573679636,417179.38217661285
Prevalence,Eastern Cape,Both,15-49 years,HIV/AIDS,Number,2005,500360.59607796924,577067.4587886627,430013.00720727746
Prevalence,Eastern Cape,Both,15-49 years,HIV/AIDS,Number,2006,507925.98733786284,582397.8216897732,438176.63044520863
Prevalence,Eastern Cape,Both,15-49 years,HIV/AIDS,Number,2007,513912.9772002242,587164.8551597364,444761.6438566521
Prevalence,Eastern Cape,Both,15-49 years,HIV/AIDS,Number,2008,520888.2216249436,592963.9674211621,453871.7201258483
Prevalence,Eastern Cape,Both,15-49 years,HIV/AIDS,Number,2009,531367.4580687473,605863.7228499415,460093.36991787265
Prevalence,Eastern Cape,Both,15-49 years,HIV/AIDS,Number,2010,544128.3304972597,618475.973552709,471715.3236171169
Prevalence,Eastern Cape,Both,15-49 years,HIV/AIDS,Number,2011,559454.1237986516,630775.638456047,488906.1542069628
Prevalence,Eastern Cape,Both,15-49 years,HIV/AIDS,Number,2012,576355.6233991813,645513.7664817909,503151.306395953
Prevalence,Eastern Cape,Both,15-49 years,HIV/AIDS,Number,2013,595629.878675467,665510.3991523493,521346.901308045
Prevalence,Eastern Cape,Both,15-49 years,HIV/AIDS,Number,2014,614318.3773406462,688295.6660607334,538561.1958598861
Prevalence,Eastern Cape,Both,15-49 years,HIV/AIDS,Number,2015,630861.8585661337,707479.4975215913,550069.8493874175
Prevalence,Eastern Cape,Both,15-49 years,HIV/AIDS,Number,2016,645494.8115602414,728807.9711278366,559106.2307560624
Prevalence,Eastern Cape,Both,15-49 years,HIV/AIDS,Number,2017,657738.863509033,748108.3027238933,565389.0296896644
Prevalence,Eastern Cape,Both,15-49 years,HIV/AIDS,Number,2018,667404.8520745835,767220.7583821076,566675.157258834
Prevalence,Eastern Cape,Both,15-49 years,HIV/AIDS,Number,2019,672073.5667703777,785740.7155972185,562882.2651746959
Prevalence,KwaZulu-Natal,Both,50-54 years,HIV/AIDS,Number,1990,1380.1513946495834,1951.6443884277485,943.1615034882934
Prevalence,KwaZulu-Natal,Both,50-54 years,HIV/AIDS,Number,1991,2305.640903671482,3225.3018495917336,1616.5536667767851
Prevalence,KwaZulu-Natal,Both,50-54 years,HIV/AIDS,Number,1992,3770.5724373233893,5289.736867702225,2623.618882013525
Prevalence,KwaZulu-Natal,Both,50-54 years,HIV/AIDS,Number,1993,5904.8530186366515,8426.716064339274,4153.217790091124
Prevalence,KwaZulu-Natal,Both,50-54 years,HIV/AIDS,Number,1994,8749.411342474152,12611.364817880089,6135.170845975668
Prevalence,KwaZulu-Natal,Both,50-54 years,HIV/AIDS,Number,1995,12241.580172558815,17924.58290983765,8702.433871780922
Prevalence,KwaZulu-Natal,Both,50-54 years,HIV/AIDS,Number,1996,16812.188871383525,24418.196765626155,11890.047377537034
Prevalence,KwaZulu-Natal,Both,50-54 years,HIV/AIDS,Number,1997,22083.239924959023,31378.145932942334,15580.683245761444
Prevalence,KwaZulu-Natal,Both,50-54 years,HIV/AIDS,Number,1998,27812.394456584283,38186.24196655564,19717.92227874834
Prevalence,KwaZulu-Natal,Both,50-54 years,HIV/AIDS,Number,1999,33696.4085444265,45465.404319012196,24221.656215811887
Prevalence,KwaZulu-Natal,Both,50-54 years,HIV/AIDS,Number,2000,39493.32661644295,52462.82359327405,28189.862643421446
Prevalence,KwaZulu-Natal,Both,50-54 years,HIV/AIDS,Number,2001,44671.54962250894,58545.255229391856,32759.023233084234
Prevalence,KwaZulu-Natal,Both,50-54 years,HIV/AIDS,Number,2002,49498.39645370641,63867.93896599687,36506.44190492675
Prevalence,KwaZulu-Natal,Both,50-54 years,HIV/AIDS,Number,2003,53808.32916955128,69085.70246941118,39986.95348147992
Prevalence,KwaZulu-Natal,Both,50-54 years,HIV/AIDS,Number,2004,57832.37698813731,73716.6327662731,42840.103260622825
Prevalence,KwaZulu-Natal,Both,50-54 years,HIV/AIDS,Number,2005,61970.77536006707,77865.25704780905,45990.802783126375
Prevalence,KwaZulu-Natal,Both,50-54 years,HIV/AIDS,Number,2006,66254.908784846,82313.27020864579,50076.71366453748
Prevalence,KwaZulu-Natal,Both,50-54 years,HIV/AIDS,Number,2007,70661.86065081603,86574.84072072004,55234.14900897516
Prevalence,KwaZulu-Natal,Both,50-54 years,HIV/AIDS,Number,2008,75335.08976847124,91816.76383082896,60319.055959458616
Prevalence,KwaZulu-Natal,Both,50-54 years,HIV/AIDS,Number,2009,80613.58116800709,97525.96232731876,65326.58187942035
Prevalence,KwaZulu-Natal,Both,50-54 years,HIV/AIDS,Number,2010,86642.13167554291,103552.8777075493,71492.65661113663
Prevalence,KwaZulu-Natal,Both,50-54 years,HIV/AIDS,Number,2011,93287.22669792712,110062.96969171513,78154.71518643455
Prevalence,KwaZulu-Natal,Both,50-54 years,HIV/AIDS,Number,2012,100797.24913267458,116690.79796685652,85731.15980110473
Prevalence,KwaZulu-Natal,Both,50-54 years,HIV/AIDS,Number,2013,109107.86704137114,125414.4447646266,93895.15093703155
Prevalence,KwaZulu-Natal,Both,50-54 years,HIV/AIDS,Number,2014,117891.96501049334,133955.49391798596,101781.38508328915
Prevalence,KwaZulu-Natal,Both,50-54 years,HIV/AIDS,Number,2015,126821.91945273808,143167.79875519255,110605.84682749785
Prevalence,KwaZulu-Natal,Both,50-54 years,HIV/AIDS,Number,2016,135572.16615184135,152360.6981054534,118926.93081366154
Prevalence,KwaZulu-Natal,Both,50-54 years,HIV/AIDS,Number,2017,144019.28908743913,161638.06766183625,126682.61334077823
Prevalence,KwaZulu-Natal,Both,50-54 years,HIV/AIDS,Number,2018,152548.43269881333,170702.3397303984,134569.9680337119
Prevalence,KwaZulu-Natal,Both,50-54 years,HIV/AIDS,Number,2019,161075.2070330801,179870.86726631387,142326.41760171668
Prevalence,KwaZulu-Natal,Both,55-59 years,HIV/AIDS,Number,1990,836.1006034766277,1177.5200660575774,576.748541653757
Prevalence,KwaZulu-Natal,Both,55-59 years,HIV/AIDS,Number,1991,1353.0525024227672,1879.4434499946253,952.546333550679
Prevalence,KwaZulu-Natal,Both,55-59 years,HIV/AIDS,Number,1992,2173.9990579323817,3033.4522986899747,1529.4923473839017
Prevalence,KwaZulu-Natal,Both,55-59 years,HIV/AIDS,Number,1993,3421.772271284653,4874.400913553879,2423.4404932117304
Prevalence,KwaZulu-Natal,Both,55-59 years,HIV/AIDS,Number,1994,5181.7682054085035,7399.699961284386,3670.3706021825906
Prevalence,KwaZulu-Natal,Both,55-59 years,HIV/AIDS,Number,1995,7483.877389547203,10910.069859222316,5353.91665070695
Prevalence,KwaZulu-Natal,Both,55-59 years,HIV/AIDS,Number,1996,10351.60028209676,14831.30714942996,7372.158771668009
Prevalence,KwaZulu-Natal,Both,55-59 years,HIV/AIDS,Number,1997,13589.23315661397,19217.790851372738,9646.568429931518
Prevalence,KwaZulu-Natal,Both,55-59 years,HIV/AIDS,Number,1998,16826.31144807707,23095.53385059241,12019.705552264153
Prevalence,KwaZulu-Natal,Both,55-59 years,HIV/AIDS,Number,1999,19831.70964016998,26860.9950547185,14055.231237539674
Prevalence,KwaZulu-Natal,Both,55-59 years,HIV/AIDS,Number,2000,22469.420524674864,30296.41262656649,15836.796204332366
Prevalence,KwaZulu-Natal,Both,55-59 years,HIV/AIDS,Number,2001,25422.207181208156,34353.91019141788,18120.5471283143
Prevalence,KwaZulu-Natal,Both,55-59 years,HIV/AIDS,Number,2002,28071.107192195377,38125.47587912625,19804.342151337147
Prevalence,KwaZulu-Natal,Both,55-59 years,HIV/AIDS,Number,2003,30596.68219777669,41496.51629701807,21601.02341385196
Prevalence,KwaZulu-Natal,Both,55-59 years,HIV/AIDS,Number,2004,33000.021555371015,44845.75387658333,23120.715201316903
Prevalence,KwaZulu-Natal,Both,55-59 years,HIV/AIDS,Number,2005,35336.04832557867,48076.83178049037,24478.63091021887
Prevalence,KwaZulu-Natal,Both,55-59 years,HIV/AIDS,Number,2006,37493.75761331841,50563.3933879173,26039.5048033418
Prevalence,KwaZulu-Natal,Both,55-59 years,HIV/AIDS,Number,2007,40105.896929000475,53461.88562875556,28605.89838225702
Prevalence,KwaZulu-Natal,Both,55-59 years,HIV/AIDS,Number,2008,43091.042052976074,56454.880805613204,31430.5598529351
Prevalence,KwaZulu-Natal,Both,55-59 years,HIV/AIDS,Number,2009,46736.2461721728,60147.39085558632,35409.881317397245
Prevalence,KwaZulu-Natal,Both,55-59 years,HIV/AIDS,Number,2010,51326.6476356627,64697.56378275121,39542.847897950865
Prevalence,KwaZulu-Natal,Both,55-59 years,HIV/AIDS,Number,2011,56463.74268440643,70616.48914963647,44419.70734152958
Prevalence,KwaZulu-Natal,Both,55-59 years,HIV/AIDS,Number,2012,62181.95872978166,76987.75557484217,49717.966924240354
Prevalence,KwaZulu-Natal,Both,55-59 years,HIV/AIDS,Number,2013,68421.41426639777,83274.12961688974,55550.49763308698
Prevalence,KwaZulu-Natal,Both,55-59 years,HIV/AIDS,Number,2014,74973.51122609955,90166.86219323231,61511.09380480997
Prevalence,KwaZulu-Natal,Both,55-59 years,HIV/AIDS,Number,2015,81682.88706585724,97244.70382983214,67715.35916769982
Prevalence,KwaZulu-Natal,Both,55-59 years,HIV/AIDS,Number,2016,88460.88778375082,104326.03882211482,74265.50719523105
Prevalence,KwaZulu-Natal,Both,55-59 years,HIV/AIDS,Number,2017,95387.32027737728,111447.07680983185,80625.20816814287
Prevalence,KwaZulu-Natal,Both,55-59 years,HIV/AIDS,Number,2018,102682.50767235657,119295.14524414073,87448.12686281311
Prevalence,KwaZulu-Natal,Both,55-59 years,HIV/AIDS,Number,2019,110242.04276540232,126949.55531479872,94460.35371616394
Prevalence,KwaZulu-Natal,Both,15-49 years,HIV/AIDS,Number,1990,45613.918792342214,60883.419159503945,32555.887798734708
Prevalence,KwaZulu-Natal,Both,15-49 years,HIV/AIDS,Number,1991,75619.690802091,99588.42746103267,55700.47928321349
Prevalence,KwaZulu-Natal,Both,15-49 years,HIV/AIDS,Number,1992,121970.82029881536,160459.68331673287,91412.58018660297
Prevalence,KwaZulu-Natal,Both,15-49 years,HIV/AIDS,Number,1993,189165.07680049873,248068.46791927828,143131.9705507109
Prevalence,KwaZulu-Natal,Both,15-49 years,HIV/AIDS,Number,1994,279327.50247842504,367842.30935477,212484.73490603486
Prevalence,KwaZulu-Natal,Both,15-49 years,HIV/AIDS,Number,1995,390374.52772230044,504407.3477968914,302301.95464347786
Prevalence,KwaZulu-Natal,Both,15-49 years,HIV/AIDS,Number,1996,516058.87314772216,641557.320442098,407676.58856257604
Prevalence,KwaZulu-Natal,Both,15-49 years,HIV/AIDS,Number,1997,647504.9360607021,779532.6203593846,529998.3038014661
Prevalence,KwaZulu-Natal,Both,15-49 years,HIV/AIDS,Number,1998,774368.4097030668,902814.066916362,653269.7358544924
Prevalence,KwaZulu-Natal,Both,15-49 years,HIV/AIDS,Number,1999,889589.4966769228,1005970.8141291159,772520.6537969803
Prevalence,KwaZulu-Natal,Both,15-49 years,HIV/AIDS,Number,2000,989070.4459639271,1101587.146032531,876784.0658442262
Prevalence,KwaZulu-Natal,Both,15-49 years,HIV/AIDS,Number,2001,1069922.847967148,1184781.0977729883,959849.8574538402
Prevalence,KwaZulu-Natal,Both,15-49 years,HIV/AIDS,Number,2002,1132294.860523915,1251772.262654518,1020233.999640401
Prevalence,KwaZulu-Natal,Both,15-49 years,HIV/AIDS,Number,2003,1178069.7504375936,1296938.8312925177,1065824.5007178392
Prevalence,KwaZulu-Natal,Both,15-49 years,HIV/AIDS,Number,2004,1210693.1661337817,1330096.5536354103,1097597.9405284482
Prevalence,KwaZulu-Natal,Both,15-49 years,HIV/AIDS,Number,2005,1233266.8337222124,1354815.5513765034,1122914.4102557907
Prevalence,KwaZulu-Natal,Both,15-49 years,HIV/AIDS,Number,2006,1248247.0379537784,1369564.1130576872,1133832.5081580882
Prevalence,KwaZulu-Natal,Both,15-49 years,HIV/AIDS,Number,2007,1260325.4314074153,1380746.8626674544,1141659.7748793077
Prevalence,KwaZulu-Natal,Both,15-49 years,HIV/AIDS,Number,2008,1276275.9923657812,1401707.3332730052,1153989.1887513562
Prevalence,KwaZulu-Natal,Both,15-49 years,HIV/AIDS,Number,2009,1301768.062171279,1425252.9722874127,1181690.6330383779
Prevalence,KwaZulu-Natal,Both,15-49 years,HIV/AIDS,Number,2010,1335108.0006262297,1455074.7240752885,1214694.3932598769
Prevalence,KwaZulu-Natal,Both,15-49 years,HIV/AIDS,Number,2011,1370476.497216944,1493662.2241709637,1254580.4540837847
Prevalence,KwaZulu-Natal,Both,15-49 years,HIV/AIDS,Number,2012,1412586.2028806314,1528017.1990809296,1296760.2726524172
Prevalence,KwaZulu-Natal,Both,15-49 years,HIV/AIDS,Number,2013,1458986.2377756154,1571275.0992366811,1345424.0165870197
Prevalence,KwaZulu-Natal,Both,15-49 years,HIV/AIDS,Number,2014,1502174.7792033763,1615440.4573399045,1388301.2289306994
Prevalence,KwaZulu-Natal,Both,15-49 years,HIV/AIDS,Number,2015,1542003.1860274395,1660612.768095897,1422764.1539130397
Prevalence,KwaZulu-Natal,Both,15-49 years,HIV/AIDS,Number,2016,1577274.1920776055,1702533.1066232473,1452376.8266892494
Prevalence,KwaZulu-Natal,Both,15-49 years,HIV/AIDS,Number,2017,1607146.8878206809,1748897.4448635688,1460907.5194610963
Prevalence,KwaZulu-Natal,Both,15-49 years,HIV/AIDS,Number,2018,1630933.5726095901,1790049.9806498743,1465093.8021716073
Prevalence,KwaZulu-Natal,Both,15-49 years,HIV/AIDS,Number,2019,1642129.7094379067,1829614.8316828448,1457029.4374785696
